UDI,Product ID,Type,Air temperature [K],Process temperature [K],Rotational speed [rpm],Torque [Nm],Tool wear [min],Target
1176,M16035,M,297.2,308.3,1578,37.8,3,0
458,L47637,L,297.4,308.6,1276,53.6,103,0
1794,L48973,L,298.1,307.8,1761,28.2,76,0
877,L48056,L,295.7,306.3,1915,22.4,79,0
558,M15417,M,297.5,309.4,1433,48.3,139,0
1229,M16088,M,297.1,308.4,1583,38.2,150,0
1429,L48608,L,298.8,309.9,1568,33.7,13,0
627,L47806,L,298.4,310.1,1533,35.2,92,0
1109,L48288,L,296.6,307.4,1504,45.8,58,0
69,L47248,L,298.8,308.9,1527,32.4,189,0
1241,L48420,L,297.2,308.6,1636,31.3,192,0
1165,L48344,L,297.1,308.1,1754,30.3,206,0
1876,L49055,L,298.3,308,1363,50.1,96,0
1186,L48365,L,297.3,308.4,1491,46.5,29,0
246,M15105,M,297.9,308.1,1627,31.4,209,0
137,H29550,H,298.7,308.5,1420,45.7,143,0
1279,L48458,L,298.2,309.4,1398,52.9,79,0
1620,L48799,L,297.9,307.7,1590,34.6,57,0
1055,H30468,H,296.8,307.8,1627,30.5,117,0
1149,L48328,L,297.1,308,1348,58,162,0
1872,L49051,L,298.3,308.1,1840,21.5,88,0
1150,L48329,L,297.2,308.1,1446,38.5,164,0
860,H30273,H,296.2,307,1542,40.6,28,0
1211,L48390,L,297,308.1,1537,39,103,0
110,L47289,L,298.9,308.7,1572,34.1,80,0
1661,L48840,L,298.2,308,1499,44.1,166,0
1196,M16055,M,297,308,1408,47.9,54,0
1850,L49029,L,297.7,307.2,1668,32.7,31,0
156,H29569,H,298.4,308.2,1987,19.8,198,0
1274,L48453,L,298.1,309.4,1397,48.2,63,0
1431,L48610,L,298.9,310,1378,49.3,18,0
1854,L49033,L,297.6,307.2,1486,40.6,42,0
406,L47585,L,297.3,308.5,1350,57.6,186,0
1326,H30739,H,298.8,310.1,1567,36.8,197,0
1401,H30814,H,298.9,310.1,1366,62.7,161,0
1952,L49131,L,298,307.8,1839,22.7,79,0
123,L47302,L,299,308.8,1310,50.7,112,0
109,H29522,H,298.9,308.8,1621,32.7,75,0
475,L47654,L,297.4,309.1,1478,49.8,150,0
996,L48175,L,296.3,307.3,1566,35.8,175,0
1192,M16051,M,297.2,308.3,1776,28,43,0
1409,L48588,L,298.9,310,1452,48.9,185,0
1435,M16294,M,298.8,309.8,1377,49.6,27,0
1152,L48331,L,297,307.9,1350,47.7,168,0
801,M15660,M,297,307.9,1882,24.2,97,0
1268,M16127,M,298.1,309.6,1549,38.7,43,0
916,M15775,M,295.4,305.8,1526,38.2,181,0
274,L47453,L,298.1,308,1426,46,61,0
1416,L48595,L,298.7,309.9,1617,33,203,0
272,M15131,M,298.1,308.1,1452,40.8,56,0
1187,L48366,L,297.3,308.4,1417,47.8,31,0
1047,L48226,L,296.4,307.5,1331,47.8,99,0
1281,H30694,H,298.3,309.5,1521,37.1,84,0
592,H30005,H,297.5,309.3,1525,41.7,235,0
591,L47770,L,297.5,309.4,1517,36.7,233,0
545,M15404,M,297.5,309.4,1831,26.6,105,0
1407,L48586,L,298.9,310.1,1442,48,181,0
483,L47662,L,297.3,309,1548,37.4,171,0
1489,L48668,L,298.2,309.1,1568,36.3,166,0
1247,H30660,H,297.2,308.5,1653,33.3,207,0
1480,L48659,L,298.2,309.3,1355,43.8,142,0
1842,L49021,L,297.7,307.2,1668,37.8,5,0
1472,L48651,L,298.5,309.6,1421,53.6,122,0
1454,L48633,L,299.1,310.4,1450,40.9,85,0
1228,L48407,L,297.1,308.4,1422,42.1,148,0
38,L47217,L,298.8,309.1,1439,39.2,104,0
221,L47400,L,298.3,308.5,1416,52.7,151,0
47,M14906,M,298.7,309,1843,25.8,130,0
748,L47927,L,296.8,308.1,1356,48.3,201,0
786,M15645,M,296.9,308,1497,44.8,57,0
211,L47390,L,298.4,308.7,1523,36.1,126,0
652,L47831,L,297.6,309.1,1503,38.9,157,0
1705,M16564,M,298.1,307.8,1503,44.7,54,0
1379,H30792,H,298.8,310.2,1455,44.9,107,0
1675,L48854,L,298.1,307.8,1540,37.8,203,0
496,H29909,H,297.5,309.3,1459,49.7,201,0
131,L47310,L,298.8,308.4,1473,41.1,128,0
530,L47709,L,297.6,309.5,1569,36.2,63,0
290,L47469,L,298.1,308.4,1436,46.7,103,0
514,L47693,L,297.4,309.2,1428,38.8,26,0
1609,L48788,L,297.8,307.7,1393,38,29,0
1310,L48489,L,298.9,310.2,1654,31.1,158,0
489,L47668,L,297.4,309.2,1584,42.8,186,0
929,L48108,L,295.6,306,1949,21.9,5,0
1760,H31173,H,298,307.4,1606,35.2,195,0
1227,L48406,L,297.1,308.4,1488,42.5,146,0
1880,M16739,M,298.2,307.7,1608,33.8,106,0
102,L47281,L,298.8,308.8,1991,20.7,59,0
658,L47837,L,297.7,309.2,1365,58.6,170,0
1072,L48251,L,296.9,307.8,1425,49.1,163,0
805,M15664,M,296.9,307.8,1544,37.6,109,0
1488,L48667,L,298.2,309.1,1429,48.5,164,0
1396,L48575,L,299.1,310.4,1452,39.7,151,0
1197,M16056,M,297,307.9,1493,34.7,57,0
1392,L48571,L,298.9,310.2,2737,8.8,142,1
1265,M16124,M,297.8,309.3,2243,15.7,36,0
285,L47464,L,298.2,308.3,2051,19.2,90,0
1145,L48324,L,297,307.9,1296,69.1,153,1
862,M15721,M,296.1,306.9,1951,23.3,38,0
533,L47712,L,297.5,309.4,1443,45.4,70,0
1427,M16286,M,298.7,309.7,1622,34.6,8,0
267,H29680,H,298,308.1,1440,43.7,37,0
1325,M16184,M,298.8,310.1,1243,74.5,194,1
555,H29968,H,297.5,309.4,1368,45.3,129,0
1885,M16744,M,298,307.6,1792,26,119,0
158,H29571,H,298.4,308.2,1478,43.5,206,0
105,L47284,L,298.8,308.7,1450,43.4,66,0
303,H29716,H,297.8,308.4,1512,35.1,138,0
888,H30301,H,295.7,306.2,2161,16.5,105,0
132,L47311,L,298.8,308.4,1737,27.7,130,0
649,H30062,H,297.7,309.3,1400,48.9,147,0
1093,M15952,M,296.9,307.6,1685,32,10,0
508,H29921,H,297.8,309.4,1445,48.2,10,0
1124,H30537,H,296.6,307.7,1386,62.3,100,1
173,M15032,M,298.1,308,1924,20.8,29,0
341,L47520,L,297.4,308.1,1474,39.4,20,0
212,L47391,L,298.5,308.7,1575,33.9,128,0
1575,L48754,L,298.2,308.2,1478,50.1,166,0
663,M15522,M,297.6,308.9,1479,38.1,182,0
1964,L49143,L,297.7,307.5,1379,43.3,111,0
687,M15546,M,297.7,309,1504,40.4,35,0
1257,M16116,M,297.5,308.9,1535,37.7,12,0
330,H29743,H,297.7,308.5,1720,29.9,210,0
608,M15467,M,298,309.9,1565,33.9,40,0
660,L47839,L,297.6,309.1,1449,49.1,174,0
30,L47209,L,299,309.4,1693,30.1,84,0
1155,L48334,L,296.9,307.9,1626,29.9,177,0
1605,L48784,L,297.8,307.8,1452,39.8,21,0
1873,L49052,L,298.3,308.1,1326,58.4,90,0
1671,L48850,L,298.2,307.8,1528,31.1,194,0
350,L47529,L,297.6,308.3,1595,34.3,41,0
1801,M16660,M,298,307.5,1524,36.3,98,0
503,L47682,L,297.6,309.2,1390,43.3,221,0
1059,L48238,L,296.7,307.8,1605,31.3,128,0
850,H30263,H,296.4,307.4,1586,35.5,0,0
721,L47900,L,297.4,308.9,1809,23.8,131,0
52,L47231,L,298.9,309.1,1383,54.9,145,0
1179,L48358,L,297.3,308.5,1398,60.4,12,0
1936,M16795,M,298.1,307.9,1377,55.1,42,0
751,L47930,L,296.7,308,1535,36.8,210,0
904,L48083,L,295.7,306.2,2270,14.6,149,1
1646,L48825,L,297.9,307.8,1538,38.5,123,0
1682,M16541,M,297.8,307.3,1804,26,222,0
1663,H31076,H,298.2,307.9,1462,45.5,171,0
1684,M16543,M,297.9,307.4,1403,52.8,0,0
1288,L48467,L,298.5,309.6,1419,41.5,105,0
150,L47329,L,298.4,308.3,1473,39.9,184,0
669,L47848,L,297.5,308.9,1738,24,195,0
1292,M16151,M,298.6,309.7,1675,28.4,115,0
790,M15649,M,296.9,308,1641,33.3,67,0
895,L48074,L,295.6,306.2,1426,48.6,124,0
1695,L48874,L,298,307.5,1618,35.2,31,0
1796,M16655,M,298.1,307.7,1498,38.3,81,0
1523,H30936,H,298.2,309,1562,37.7,36,0
305,L47484,L,297.8,308.4,1737,27.5,146,0
451,M15310,M,297.6,308.7,1419,41.7,81,0
1973,L49152,L,297.9,307.6,1612,30.7,134,0
1766,L48945,L,298.2,307.6,1368,51.8,5,0
553,M15412,M,297.4,309.3,1622,35,123,0
365,L47544,L,297.6,308.4,1407,55.2,86,0
1224,L48403,L,297,308.3,1492,48.1,137,0
390,M15249,M,297.6,308.7,1408,54.8,147,0
1123,L48302,L,296.5,307.6,1541,38.5,98,0
446,L47625,L,297.5,308.6,1793,26.7,70,0
1022,M15881,M,296.3,307.2,1454,42.5,35,0
1817,L48996,L,298.1,307.6,1460,46.5,143,0
819,L47998,L,296.8,307.6,1304,48.7,142,0
659,L47838,L,297.7,309.1,1562,36.8,172,0
1591,L48770,L,298.2,308.4,1497,37.7,207,0
1031,L48210,L,296.3,307.4,1760,28.4,56,0
414,L47593,L,297.4,308.4,1573,34.5,205,0
573,L47752,L,297.8,309.9,1351,49,181,0
832,M15691,M,296.6,307.4,1544,42.3,170,0
617,H30030,H,298.1,309.9,1686,29.1,60,0
1838,L49017,L,297.7,307.2,1392,43,197,0
1640,M16499,M,297.9,307.8,1450,43.5,106,0
1350,L48529,L,298.7,310.2,1402,45.9,30,0
616,L47795,L,298.1,309.9,1642,30.4,58,0
297,L47476,L,298,308.5,1395,46.2,122,0
227,L47406,L,298.3,308.4,1329,49.2,166,0
1249,L48428,L,297.2,308.6,1489,40.2,214,0
1788,L48967,L,298.4,308.2,1364,45.9,63,0
87,H29500,H,299,309,1436,43.9,20,0
382,L47561,L,297.5,308.5,1546,40.4,129,0
44,H29457,H,298.8,309.2,1372,48.5,120,0
1617,H31030,H,297.8,307.8,1662,30.7,48,0
388,L47567,L,297.7,308.7,1249,60.4,143,0
512,L47691,L,297.5,309.3,1479,39.4,22,0
238,M15097,M,298,308.1,1552,36.6,190,0
1853,M16712,M,297.6,307.1,1526,39.1,39,0
632,L47811,L,298.4,310,1554,37.3,103,0
671,L47850,L,297.6,309,1822,25.4,202,0
482,M15341,M,297.3,309,1556,39.5,168,0
432,L47611,L,297.5,308.5,1446,41.9,32,0
119,M14978,M,298.8,308.6,1707,28.1,103,0
1899,L49078,L,297.8,307.5,1372,54.1,157,0
339,L47518,L,297.5,308.2,1563,38.2,15,0
46,L47225,L,298.8,309.1,1489,49.1,128,0
232,L47411,L,298.3,308.4,1408,43.1,177,0
262,L47441,L,298.1,308.2,1654,32.1,25,0
1950,M16809,M,298.1,308,1543,41.9,73,0
1795,M16654,M,298.1,307.8,1514,43.5,78,0
1774,L48953,L,298.5,308,1384,59.5,27,0
1664,M16523,M,298.1,307.9,1759,28.6,176,0
1918,M16777,M,298.1,307.9,1463,47.3,206,0
209,L47388,L,298.4,308.6,1591,36.7,122,0
960,L48139,L,295.8,306.5,1505,35.2,86,0
661,M15520,M,297.7,309.2,1700,27.4,176,0
723,L47902,L,297.5,308.9,1427,44.7,135,0
1945,L49124,L,298.1,308.1,1791,27.3,63,0
1656,M16515,M,298.2,308,1577,35.9,151,0
147,H29560,H,298.5,308.4,1612,36.1,174,0
977,M15836,M,296,306.6,1392,51.3,124,0
1542,L48721,L,298.4,309,2304,15.1,89,0
1809,L48988,L,298.1,307.7,2567,12.8,125,1
1199,H30612,H,296.9,307.9,1557,36.5,63,0
1444,L48623,L,298.9,310.1,1602,38.2,58,0
1601,M16460,M,297.8,307.8,1543,43.7,8,0
745,L47924,L,296.7,308.1,1450,40.9,195,0
1616,L48795,L,297.8,307.9,1447,48.6,46,0
1312,L48491,L,298.9,310.1,1587,30.2,162,0
315,M15174,M,297.9,308.5,1300,53,172,0
1474,M16333,M,298.5,309.5,1315,48.9,127,0
1102,H30515,H,296.7,307.5,1607,33.6,38,0
1112,H30525,H,296.5,307.4,1432,49.2,64,0
1807,H31220,H,298,307.6,1593,32.2,118,0
460,L47639,L,297.4,308.6,1476,42.3,107,0
7,L47186,L,298.1,308.6,1558,42.4,14,0
1593,L48772,L,298.1,308.4,1592,38.2,211,0
1036,L48215,L,296.4,307.4,1403,48.4,70,0
417,L47596,L,297.4,308.5,1495,37.8,211,0
1441,M16300,M,298.8,309.9,1741,27.7,50,0
1989,H31402,H,298.3,307.9,1420,39.2,176,0
1351,L48530,L,298.7,310.2,1436,47.5,32,0
760,M15619,M,296.7,307.8,1537,36.3,233,0
1237,H30650,H,297.1,308.4,1359,46.6,176,0
999,M15858,M,296.4,307.2,2071,19.4,183,0
449,L47628,L,297.5,308.6,1552,44.9,77,0
1687,H31100,H,297.9,307.3,1663,28.7,7,0
397,L47576,L,297.4,308.3,1490,42.6,164,0
1466,L48645,L,298.7,309.8,1546,40.9,109,0
906,L48085,L,295.6,306.1,1474,41.2,156,0
440,M15299,M,297.4,308.3,1535,34.6,51,0
1061,H30474,H,296.7,307.9,1424,53.8,133,0
1391,L48570,L,298.9,310.2,1409,54.8,140,0
416,L47595,L,297.5,308.4,1511,42.8,209,0
77,L47256,L,298.8,308.9,1461,47.9,206,0
1649,L48828,L,297.9,307.8,1373,50.2,130,0
584,H29997,H,297.7,309.6,1697,32.2,210,0
1923,L49102,L,298,307.8,1716,26.6,9,0
1082,L48261,L,297,307.8,1521,40.2,190,0
1565,M16424,M,298,308.2,2090,19,143,0
1578,L48757,L,298.3,308.4,1484,43.4,172,0
1189,L48368,L,297.3,308.4,1339,52.1,36,0
1934,L49113,L,298.1,308,1638,35.1,38,0
1653,H31066,H,297.9,307.8,1635,34,142,0
565,H29978,H,297.6,309.6,1669,32.1,155,0
525,L47704,L,297.4,309.4,1620,35.4,51,0
1517,L48696,L,298.2,308.9,1278,54,18,0
1615,M16474,M,297.8,307.9,1802,25.8,43,0
1797,H31210,H,298.1,307.6,1542,37.1,84,0
820,L47999,L,296.8,307.6,1398,46.7,144,0
1289,M16148,M,298.5,309.6,1441,48.2,107,0
607,L47786,L,297.9,309.8,1461,50.5,38,0
1294,H30707,H,298.7,309.8,1582,33.4,121,0
1526,L48705,L,298.2,309,2449,13.8,45,0
1357,L48536,L,298.6,309.9,1593,37.4,47,0
1502,M16361,M,298,308.7,1436,48.2,201,0
1799,M16658,M,298,307.5,1431,52.9,92,0
1549,M16408,M,298.3,308.8,1349,52.1,104,0
1014,M15873,M,296.1,307.2,1619,29.7,17,0
229,M15088,M,298.3,308.5,1629,37.1,170,0
1514,L48693,L,298.1,308.7,1568,32.9,10,0
744,L47923,L,296.8,308.2,1361,53.8,193,0
1240,H30653,H,297.2,308.5,1482,39.3,187,0
1890,H31303,H,297.7,307.4,1432,40.2,132,0
1501,M16360,M,298,308.7,2101,17.4,198,0
20,M14879,M,298.9,309.3,1632,32.5,55,0
1263,H30676,H,297.8,309.2,1648,33,29,0
143,M15002,M,298.6,308.4,1778,28.2,161,0
647,M15506,M,297.7,309.4,1461,43.7,142,0
1125,M15984,M,296.7,307.8,1258,69,105,1
1332,H30745,H,298.9,310.2,1771,26.8,216,0
255,L47434,L,298,308.2,1514,37.9,9,0
1737,L48916,L,298.4,307.9,1544,35.9,132,0
1584,L48763,L,298.2,308.4,1310,61,189,1
1716,L48895,L,298.2,307.8,1585,34.6,78,0
223,L47402,L,298.4,308.6,1304,45,158,0
333,M15192,M,297.6,308.3,1538,40.2,0,0
1903,L49082,L,298,307.6,1694,29.1,169,0
1425,L48604,L,298.7,309.7,1462,46.8,4,0
1148,M16007,M,297.1,308,1690,25.6,159,0
1898,L49077,L,297.8,307.4,1418,41.2,155,0
1846,L49025,L,297.7,307.2,1444,40,17,0
942,L48121,L,295.6,306.2,1650,28.2,35,0
1067,M15926,M,296.9,307.8,1544,40.3,150,0
1912,M16771,M,298.1,307.8,1316,57.2,191,0
273,L47452,L,298.1,308.1,1484,40.4,59,0
1090,M15949,M,296.9,307.7,2008,17.5,3,0
604,L47783,L,297.9,309.8,1336,71.6,31,1
1426,L48605,L,298.6,309.7,1356,54,6,0
253,L47432,L,298,308.2,1620,35.8,5,0
374,L47553,L,297.4,308.3,1412,42,111,0
1528,H30941,H,298.1,309.1,1425,44.5,49,0
1592,L48771,L,298.2,308.4,1355,49.4,209,0
57,L47236,L,298.8,309.1,1477,42.4,158,0
93,M14952,M,298.9,308.9,1727,27.1,37,0
413,L47592,L,297.5,308.6,1388,48.2,203,0
1983,M16842,M,298,307.7,1487,41.3,160,0
172,L47351,L,298.2,308.1,1462,50.8,27,0
1733,H31146,H,298.4,307.9,1700,28.2,120,0
1107,L48286,L,296.7,307.6,1540,38.6,53,0
911,L48090,L,295.5,306,1546,35.9,169,0
31,M14890,M,299.1,309.5,1339,48.2,86,0
934,L48113,L,295.5,306,1597,37.2,16,0
1888,M16747,M,297.9,307.5,1642,32.4,126,0
1561,M16420,M,298.2,308.4,1510,39.9,134,0
1670,L48849,L,298.2,307.9,1544,31.4,192,0
575,M15434,M,297.9,310,1439,41.7,185,0
1781,L48960,L,298.5,308.2,1595,32.3,46,0
81,H29494,H,298.8,308.8,1445,49.9,4,0
18,M14877,M,298.7,309.2,1410,45.6,47,0
1010,M15869,M,296.2,307.2,1385,44,5,0
1642,M16501,M,298,308,1555,37,111,0
490,M15349,M,297.5,309.2,1347,55.8,188,0
1828,M16687,M,297.9,307.3,1420,47.8,171,0
203,M15062,M,298.4,308.5,1636,35.7,107,0
1869,L49048,L,298.3,308,1361,56.9,81,0
538,H29951,H,297.4,309.3,1516,43,83,0
1316,L48495,L,299,310.3,1520,45,171,0
675,L47854,L,297.8,309,1456,41.2,0,0
875,L48054,L,295.9,306.4,1575,28.5,74,0
1254,L48433,L,297.5,308.8,1309,57.3,0,0
1244,M16103,M,297.1,308.4,1432,53.4,199,0
1857,M16716,M,297.8,307.4,1752,26.1,52,0
412,L47591,L,297.5,308.7,1429,44.3,201,0
957,H30370,H,295.6,306.2,1632,32.2,76,0
116,L47295,L,298.8,308.6,1431,45.7,97,0
1317,L48496,L,299,310.3,1507,36.7,173,0
327,L47506,L,297.7,308.5,1501,41.4,201,0
967,M15826,M,295.8,306.5,1641,32.2,101,0
636,L47815,L,298.3,310,1858,23.9,114,0
728,H30141,H,297.3,308.6,1499,37.6,147,0
1275,H30688,H,298.1,309.5,1530,40.2,65,0
1746,L48925,L,298.5,308,1624,29.8,160,0
1194,L48373,L,297.1,308.2,1347,50.8,49,0
1023,L48202,L,296.2,307.2,1515,36.5,38,0
1516,M16375,M,298.2,308.9,1614,35.5,15,0
917,M15776,M,295.3,305.8,1589,36.2,184,0
833,L48012,L,296.6,307.4,1521,38.6,173,0
1775,M16634,M,298.5,308,1519,37.3,29,0
1840,L49019,L,297.7,307.1,1715,30.2,0,0
194,H29607,H,298.2,308.4,1678,34.6,81,0
662,M15521,M,297.6,309,1427,45.6,179,0
1697,L48876,L,297.9,307.6,1550,39,35,0
789,M15648,M,296.9,308.1,1440,46.3,64,0
585,H29998,H,297.6,309.6,1419,48.2,215,0
1847,H31260,H,297.7,307.3,1514,38.6,19,0
1424,L48603,L,298.7,309.8,1539,33.4,2,0
328,L47507,L,297.7,308.5,1373,56.7,203,1
1087,L48266,L,297,307.9,1455,49,204,0
1603,H31016,H,297.8,307.9,1600,33.5,13,0
976,M15835,M,296,306.6,1628,36.8,121,0
825,L48004,L,296.6,307.4,1436,42.8,156,0
556,M15415,M,297.4,309.4,1539,42.2,134,0
711,M15570,M,297.5,308.7,1697,28.1,107,0
1286,M16145,M,298.5,309.6,1492,41.7,100,0
1567,M16426,M,298,308.1,1403,44.8,148,0
859,M15718,M,296.2,307,1516,37.6,25,0
378,M15237,M,297.4,308.2,1424,53.9,120,0
1341,L48520,L,298.6,310.2,1569,36.3,10,0
1757,M16616,M,298.1,307.4,1363,60.1,187,0
1415,M16274,M,298.7,309.8,1570,42.1,200,0
784,H30197,H,296.7,307.9,1579,33.4,50,0
1738,L48917,L,298.4,307.9,1743,27.3,134,0
248,L47427,L,298,308.2,1469,45.5,214,0
641,M15500,M,297.9,309.6,1515,38.8,124,0
1234,M16093,M,297.2,308.5,1364,55.6,163,0
815,M15674,M,296.8,307.5,1470,45.9,132,0
1931,M16790,M,298.1,307.9,1569,37,29,0
577,H29990,H,297.7,309.7,1440,51.1,191,0
1856,H31269,H,297.7,307.3,1249,62.8,47,0
1450,H30863,H,299,310.4,1677,30.8,73,0
175,L47354,L,298.2,308.1,1306,58.3,35,0
161,L47340,L,298.4,308.2,1282,60.7,216,1
1260,M16119,M,297.5,308.9,1280,48.5,19,0
338,L47517,L,297.6,308.3,1742,27.7,13,0
1496,H30909,H,297.9,308.5,1383,44.6,184,0
667,L47846,L,297.5,309,1470,43.5,191,0
522,L47701,L,297.5,309.4,1497,35.8,44,0
118,L47297,L,298.8,308.6,1599,33,101,0
216,L47395,L,298.3,308.6,1548,40.3,140,0
1255,H30668,H,297.5,308.8,1430,49.4,2,0
355,L47534,L,297.6,308.3,1658,34.3,59,0
1747,L48926,L,298.4,308,1526,41.1,162,0
1029,L48208,L,296.3,307.4,1472,39.9,51,0
383,L47562,L,297.5,308.5,1335,48,131,0
569,L47748,L,297.8,309.7,1935,22.1,171,0
992,M15851,M,296.1,307,1523,42,164,0
1051,L48230,L,296.6,307.6,1671,28.8,108,0
654,L47833,L,297.8,309.3,2015,20.1,161,0
53,H29466,H,298.8,309,1497,43.8,147,0
1169,L48348,L,297.1,308.1,1584,36.8,215,0
1078,L48257,L,296.8,307.6,1547,36.5,179,0
208,M15067,M,298.4,308.7,1421,60.7,119,1
67,M14926,M,298.9,308.9,1679,28.7,181,0
169,L47348,L,298.4,308.3,1433,62.3,20,1
501,M15360,M,297.5,309.2,1804,27.4,215,0
1613,M16472,M,297.9,307.9,1540,39.8,38,0
1264,L48443,L,297.8,309.2,1400,56.9,34,0
1976,L49155,L,298,307.7,1422,45.6,140,0
404,L47583,L,297.3,308.6,1273,59.8,182,0
345,M15204,M,297.5,308.2,2448,13.8,29,0
1539,L48718,L,298.4,309.1,1798,29.6,81,0
1117,L48296,L,296.4,307.3,1487,37.5,83,0
502,M15361,M,297.6,309.3,1464,46.2,218,0
1851,M16710,M,297.7,307.2,1372,52.8,33,0
1789,L48968,L,298.3,308,1442,47.3,65,0
1208,M16067,M,297,308.1,1573,34.9,93,0
480,M15339,M,297.4,308.9,1323,57.3,163,0
1461,L48640,L,299,310.3,1437,47.8,99,0
1927,L49106,L,298,307.7,1606,30.8,17,0
1068,L48247,L,296.9,307.8,1466,45.7,153,0
4,L47183,L,298.2,308.6,1433,39.5,7,0
335,M15194,M,297.5,308.1,1469,44.8,5,0
1269,L48448,L,298,309.5,1496,45.8,46,0
1373,M16232,M,298.8,310.3,1573,41.8,91,0
420,M15279,M,297.3,308.3,1501,38.2,2,0
926,H30339,H,295.6,306.1,1623,30.9,210,0
1624,L48803,L,297.7,307.6,1921,22.9,68,0
26,L47205,L,299,309.5,1861,23.3,73,0
242,L47421,L,298,308.1,1777,24.3,200,0
423,L47602,L,297.3,308.3,1333,55.2,11,0
1284,L48463,L,298.3,309.4,1356,45.4,96,0
13,M14872,M,298.6,309.1,1339,51.1,34,0
1906,L49085,L,297.9,307.6,1687,29.1,176,0
1723,M16582,M,298.2,307.7,1952,21.6,93,0
1058,L48237,L,296.8,307.8,1573,36.4,126,0
171,M15030,M,298.4,308.2,1610,35,24,0
225,L47404,L,298.3,308.6,1584,29.3,162,0
1221,L48400,L,297,308.2,1577,29.4,130,0
770,L47949,L,296.9,308,1343,44.5,15,0
823,M15682,M,296.7,307.6,1547,34.7,150,0
1167,M16026,M,297.1,308.1,1506,37.7,210,0
389,L47568,L,297.6,308.7,1455,48.2,145,0
719,L47898,L,297.5,308.8,1477,39,127,0
945,M15804,M,295.7,306.3,1712,28.5,43,0
987,H30400,H,296.4,307.1,1638,32.5,146,0
1004,L48183,L,296.2,307.1,1444,46.7,194,0
128,L47307,L,298.9,308.6,1413,46.5,122,0
164,M15023,M,298.4,308.2,1468,43.8,2,0
461,H29874,H,297.3,308.6,1431,42,109,0
1091,L48270,L,296.9,307.7,1464,41.4,6,0
1,M14860,M,298.1,308.6,1551,42.8,0,0
135,L47314,L,298.8,308.4,1369,53,138,0
697,M15556,M,297.6,309,1815,25.3,66,0
1386,M16245,M,298.9,310.2,1603,36.1,126,0
326,L47505,L,297.8,308.5,1699,27.8,199,0
1764,L48943,L,298.2,307.6,1511,31,209,1
628,L47807,L,298.4,310.1,1455,42.2,94,0
307,L47486,L,297.8,308.4,1374,47.1,150,0
427,L47606,L,297.4,308.5,1501,44.9,20,0
548,M15407,M,297.5,309.4,1482,39.3,112,0
1749,H31162,H,298.4,307.7,1626,31.1,166,0
1113,M15972,M,296.5,307.4,1350,55.6,69,0
1668,L48847,L,298.2,307.9,1769,27.2,188,0
1745,M16604,M,298.5,308,1461,51.9,157,0
1727,L48906,L,298.3,307.8,1906,22.1,104,0
1893,M16752,M,297.8,307.4,1438,43.6,141,0
1479,L48658,L,298.3,309.4,1568,35.8,140,0
947,L48126,L,295.6,306.2,1287,54.8,49,0
596,M15455,M,297.6,309.6,1330,53.1,7,0
1599,L48778,L,297.9,308,1501,36.7,4,0
1335,L48514,L,299,310.4,1365,49.1,226,1
1266,L48445,L,297.9,309.4,1558,35.7,39,0
468,L47647,L,297.2,308.5,2182,16.5,127,0
1868,L49047,L,298.1,307.9,1502,41.8,79,0
1135,M15994,M,296.9,307.8,1426,50.7,130,0
1600,L48779,L,297.9,308,1490,46.2,6,0
1483,M16342,M,298.1,309.1,1448,52.5,150,0
1995,M16854,M,298.2,307.9,1403,45.1,193,0
1949,L49128,L,298.1,308.1,1410,45.8,71,0
1019,L48198,L,296.3,307.2,1291,58.6,29,0
1261,L48440,L,297.6,309,1528,33.8,22,0
1758,M16617,M,298.1,307.4,1335,56.2,190,0
1755,M16614,M,298,307.4,1463,46.5,182,0
1143,L48322,L,296.9,307.9,1423,43.9,149,0
1770,L48949,L,298.4,307.9,1981,23.2,16,0
1712,L48891,L,298.2,307.8,1355,51.3,70,0
866,L48045,L,295.9,306.6,1414,50.2,51,0
1660,L48839,L,298.1,308,1697,31,164,0
1586,L48765,L,298.2,308.3,1400,48.7,194,0
1202,L48381,L,296.9,308,1658,41,74,0
367,M15226,M,297.6,308.5,1552,40.9,90,0
344,L47523,L,297.5,308.3,1388,48.6,27,0
346,L47525,L,297.5,308.3,1585,32.9,32,0
1242,M16101,M,297.1,308.5,1621,32.4,194,0
498,L47677,L,297.4,309,1505,39.2,209,0
800,M15659,M,297,307.8,1579,34.1,94,0
453,M15312,M,297.4,308.6,1643,31,89,0
1677,H31090,H,297.9,307.6,1418,43,207,0
841,L48020,L,296.6,307.5,1582,37.9,197,0
448,M15307,M,297.6,308.7,1376,59.9,74,0
1178,M16037,M,297.2,308.3,1604,39.4,9,0
896,M15755,M,295.6,306.2,1435,51.6,126,0
358,L47537,L,297.6,308.4,1517,34.2,66,0
572,M15431,M,297.8,309.8,1676,29,178,0
1852,M16711,M,297.7,307.3,1365,49.2,36,0
1366,L48545,L,298.7,310.1,1676,33.5,70,0
685,L47864,L,297.7,309,1538,43.2,30,0
1364,L48543,L,298.7,310.1,1433,54.6,66,0
834,L48013,L,296.6,307.4,1616,28,175,0
334,L47513,L,297.5,308.2,1647,31.3,3,0
71,M14930,M,298.9,309,1924,22.6,193,0
149,M15008,M,298.3,308.3,1379,48,181,0
1115,H30528,H,296.4,307.3,1540,37.4,75,0
1859,M16718,M,297.8,307.4,1488,36.1,57,0
506,L47685,L,297.6,309.3,1610,35,6,0
1722,L48901,L,298.2,307.7,1688,32.4,91,0
1070,M15929,M,296.9,307.8,1840,24.6,157,0
767,L47946,L,296.8,308,1561,38.3,9,0
499,L47678,L,297.5,309.1,1611,30.2,211,0
197,H29610,H,298.3,308.6,1432,49.5,91,0
1527,L48706,L,298.1,309,1787,27.6,47,0
810,L47989,L,296.9,307.6,1452,45.7,122,0
879,M15738,M,295.7,306.3,1685,34.9,84,0
813,L47992,L,296.8,307.6,1338,44.4,128,0
201,L47380,L,298.4,308.6,1609,35,103,0
513,L47692,L,297.5,309.2,1426,44.8,24,0
890,L48069,L,295.6,306.1,1389,46.2,113,0
798,L47977,L,296.8,307.7,1565,40.1,89,0
310,M15169,M,297.9,308.5,1449,40.8,157,0
1449,M16308,M,299,310.3,1657,31,70,0
288,L47467,L,298.2,308.3,1805,31.6,96,0
405,L47584,L,297.3,308.6,1297,45.9,184,0
1787,L48966,L,298.4,308.2,1618,33,61,0
1947,L49126,L,298.2,308.1,1622,34.9,67,0
1230,L48409,L,297.1,308.4,1304,53.5,153,0
237,L47416,L,298.1,308.3,1495,38.7,188,0
144,H29557,H,298.6,308.4,1407,50.5,164,0
1313,L48492,L,298.9,310.1,1473,42.6,164,0
1639,L48818,L,297.9,307.8,1397,45,104,0
1252,M16111,M,297.4,308.8,1359,48.7,220,0
931,M15790,M,295.5,305.9,1453,47.3,9,0
196,L47375,L,298.3,308.5,1453,42.9,89,0
1643,H31056,H,298,307.8,1588,35.4,114,0
1630,M16489,M,297.9,307.9,1336,54.4,82,0
1434,L48613,L,298.8,309.8,1363,44,25,0
924,M15783,M,295.5,306,1423,45.3,205,0
1962,L49141,L,297.8,307.5,1448,51.2,107,0
228,L47407,L,298.3,308.5,1539,36.1,168,0
576,M15435,M,297.9,309.9,1410,55.4,188,0
1494,L48673,L,298,308.8,1496,44.9,179,0
494,L47673,L,297.5,309.3,1470,38.8,197,0
1689,L48868,L,297.9,307.4,1606,35.5,14,0
600,H30013,H,297.7,309.7,1616,31.1,20,0
61,L47240,L,298.8,309.1,1393,52.6,167,0
1907,L49086,L,297.9,307.6,1430,52.4,178,0
1703,L48882,L,298,307.7,1430,47.3,49,0
478,H29891,H,297.4,309,1468,41.4,156,0
1837,L49016,L,297.7,307.2,1518,35.8,195,0
583,L47762,L,297.8,309.7,1341,49.2,208,0
1558,L48737,L,298.3,308.4,1585,30.6,127,0
851,L48030,L,296.3,307.3,1567,31.4,5,0
1358,L48537,L,298.6,309.9,1461,45.7,49,0
244,L47423,L,298,308.2,1442,44.1,204,0
726,L47905,L,297.4,308.8,1640,34.2,142,0
1185,L48364,L,297.3,308.5,1497,47.5,27,0
1119,L48298,L,296.5,307.5,1443,41.8,87,0
66,L47245,L,299,309.1,1394,45.1,179,0
250,L47429,L,298,308.3,1405,56.2,218,1
133,M14992,M,298.7,308.4,1441,43.2,132,0
336,L47515,L,297.4,308.1,1749,25.9,8,0
1636,L48815,L,297.8,307.8,1383,56.5,98,0
1882,L49061,L,298,307.6,1548,45.8,111,0
387,L47566,L,297.6,308.7,1319,50.9,141,0
236,M15095,M,298.1,308.3,1680,33.7,185,0
1848,L49027,L,297.8,307.3,1412,50.7,24,0
1446,L48625,L,299,310.1,1618,29.2,62,0
791,L47970,L,296.8,307.9,1420,45.4,70,0
1862,M16721,M,297.9,307.6,1609,30.3,64,0
1769,M16628,M,298.3,307.8,1485,42,13,0
1173,L48352,L,297.1,308.1,1446,36.6,227,0
1522,M16381,M,298.2,308.9,1585,34.3,33,0
1259,L48438,L,297.5,308.9,1427,50.4,17,0
1908,L49087,L,297.9,307.6,1504,42.4,180,0
429,M15288,M,297.6,308.6,1595,36.9,25,0
1548,L48727,L,298.3,308.9,1348,55.5,102,0
1779,L48958,L,298.6,308.2,1325,54,41,0
1844,L49023,L,297.6,307.1,1496,39.2,12,0
1470,L48649,L,298.6,309.8,1497,41.6,118,0
1581,M16440,M,298.3,308.4,1444,47.5,178,0
1786,L48965,L,298.2,308,1538,38.2,59,0
1050,L48229,L,296.5,307.6,1415,44.2,106,0
1213,L48392,L,296.9,307.9,1359,56.5,110,0
1130,L48309,L,296.7,307.9,1690,29.6,119,0
547,L47726,L,297.5,309.4,1809,24.3,110,0
304,M15163,M,297.8,308.4,1479,43.5,143,0
75,L47254,L,298.9,309,1601,32.3,202,0
206,M15065,M,298.5,308.6,1344,53,114,0
204,L47383,L,298.4,308.5,1490,37.9,110,0
1419,L48598,L,298.8,309.9,1320,47.4,210,0
1791,L48970,L,298.2,307.9,1847,23.6,69,0
1896,L49075,L,297.9,307.6,1344,54.3,151,0
1913,M16772,M,298,307.7,1621,34.9,194,0
1089,M15948,M,296.9,307.8,1392,43.9,0,0
1433,L48612,L,298.8,309.8,1437,42.8,23,0
868,H30281,H,295.9,306.5,1594,33.2,55,0
1062,L48241,L,296.7,307.9,1420,50.1,138,0
948,L48127,L,295.6,306.2,1428,44.5,51,0
1308,L48487,L,298.8,310,1423,42.1,154,0
495,L47674,L,297.6,309.4,1326,49.8,199,0
531,M15390,M,297.6,309.5,1709,32.2,65,0
574,L47753,L,297.9,309.9,1472,45,183,0
614,L47793,L,298.1,309.9,1634,30,53,0
79,L47258,L,298.8,308.9,1398,51.5,0,0
905,H30318,H,295.7,306.2,1458,49.8,151,0
351,H29764,H,297.6,308.3,1400,44.3,43,0
15,L47194,L,298.6,309.2,2035,19.6,40,0
1902,M16761,M,297.9,307.6,1505,40.1,166,0
822,L48001,L,296.7,307.6,1474,41.7,148,0
385,L47564,L,297.5,308.5,1712,26.8,136,0
200,L47379,L,298.4,308.6,1433,47.1,101,0
474,M15333,M,297.4,309,1520,37,147,0
1121,H30534,H,296.6,307.7,1654,31,91,0
1543,L48722,L,298.3,308.9,1379,54.7,91,0
688,M15547,M,297.7,309,1531,42.4,38,0
1622,L48801,L,297.7,307.6,1844,21.9,61,0
1798,M16657,M,298,307.6,1508,41.8,89,0
1919,M16778,M,298.1,307.9,1496,40,0,0
1935,L49114,L,298.1,307.9,1698,33.3,40,0
861,H30274,H,296.1,306.9,1541,32.6,33,0
550,L47729,L,297.4,309.2,1437,40.4,117,0
1942,L49121,L,298.1,307.9,1425,58.2,57,0
1520,M16379,M,298.2,308.9,1512,38.5,28,0
1033,L48212,L,296.3,307.4,1648,34,60,0
1267,L48446,L,298,309.6,1633,34.8,41,0
1595,M16454,M,298,308.2,1373,51.2,215,0
257,L47436,L,298.1,308.3,1331,63,13,0
768,L47947,L,296.9,308,1546,31.1,11,0
869,M15728,M,295.8,306.5,1514,37.7,60,0
803,L47982,L,296.9,307.8,1571,35,102,0
1627,M16486,M,297.9,307.8,1303,59.3,75,0
3,L47182,L,298.1,308.5,1498,49.4,5,0
391,L47570,L,297.6,308.7,1460,46.7,150,0
8,L47187,L,298.1,308.6,1527,40.2,16,0
927,L48106,L,295.6,306.1,1372,55.6,215,1
481,L47660,L,297.4,309,1583,32,166,0
935,M15794,M,295.5,306,1326,50.8,18,0
626,L47805,L,298.3,310.1,1545,36.3,90,0
757,L47936,L,296.8,308,1584,40.4,227,0
953,L48132,L,295.5,306.2,1448,48.9,65,0
982,L48161,L,296.2,306.8,1655,31.1,136,0
1182,L48361,L,297.2,308.3,1379,52.1,21,0
737,L47916,L,296.9,308.3,1555,38.2,175,0
183,M15042,M,298.1,308.2,1342,48.1,54,0
1673,L48852,L,298.1,307.8,1432,49.8,198,0
1710,L48889,L,298.2,307.8,1749,26.1,66,0
541,L47720,L,297.4,309.4,1473,45.5,94,0
1676,L48855,L,298,307.7,1407,43.9,205,0
560,L47739,L,297.5,309.4,1503,40.6,144,0
454,L47633,L,297.4,308.7,1510,36.2,92,0
650,M15509,M,297.7,309.2,1732,28.8,152,0
410,L47589,L,297.4,308.6,1459,41.3,196,0
1291,L48470,L,298.6,309.7,1429,45.8,113,0
124,L47303,L,298.9,308.7,1546,43.4,114,0
1402,H30815,H,298.9,310.2,1532,37.7,166,0
817,L47996,L,296.8,307.6,1434,48.3,138,0
655,L47834,L,297.8,309.2,1683,30.9,163,0
1651,M16510,M,298,307.9,1417,51,137,0
177,L47356,L,298.2,308.1,1618,34.7,39,0
491,L47670,L,297.4,309.2,1459,37.9,191,0
1915,L49094,L,298,307.7,1643,32.3,200,0
624,L47803,L,298.4,310.1,1926,23.7,83,0
1960,M16819,M,297.8,307.6,1352,49.4,102,0
1546,M16405,M,298.4,309,1544,38.8,97,0
1183,L48362,L,297.3,308.3,1410,48.1,23,0
1421,M16280,M,298.8,309.9,1495,35.2,214,0
1956,L49135,L,297.9,307.7,1308,55.2,87,0
1961,L49140,L,297.8,307.6,1446,51.4,105,0
854,L48033,L,296.3,307.3,1444,49,13,0
1141,M16000,M,296.9,307.9,1385,44.8,144,0
1243,L48422,L,297.1,308.4,1468,44.4,197,0
1635,H31048,H,297.9,307.9,1406,58.5,93,0
103,L47282,L,298.8,308.8,1555,40.6,61,0
1901,H31314,H,297.9,307.6,1493,36,161,0
761,L47940,L,296.7,307.8,1505,39.4,236,0
1412,L48591,L,298.9,310.1,1944,23.4,192,0
1110,L48289,L,296.6,307.5,1557,35.1,60,0
870,L48049,L,295.8,306.5,1358,49.2,63,0
1467,L48646,L,298.7,309.8,1365,50.5,111,0
1052,L48231,L,296.6,307.7,1556,37.7,110,0
1550,L48729,L,298.4,308.9,1706,29.5,107,0
1895,H31308,H,297.9,307.5,1880,23.3,146,0
1700,L48879,L,298.1,307.7,1289,48.3,42,0
165,M15024,M,298.5,308.3,1440,43.6,5,0
665,L47844,L,297.5,308.9,1390,47.4,187,0
428,M15287,M,297.5,308.5,1496,42.2,22,0
1293,M16152,M,298.7,309.7,1868,23.8,118,0
154,L47333,L,298.4,308.2,1850,27,194,0
656,L47835,L,297.7,309.1,1435,38.8,165,0
1063,L48242,L,296.8,307.9,1372,49,140,0
1287,L48466,L,298.5,309.6,1582,40.3,103,0
923,M15782,M,295.5,305.9,1380,52.4,202,0
419,L47598,L,297.4,308.4,2151,17.7,0,0
1761,L48940,L,298.1,307.5,1684,33.1,200,0
1137,L48316,L,296.9,307.8,1557,38.1,135,0
1209,L48388,L,297,308.1,1489,44.1,96,0
239,L47418,L,297.9,308.1,1393,50.3,193,0
1597,L48776,L,298,308.1,1877,24.3,0,0
635,L47814,L,298.3,309.9,1507,41.6,112,0
111,L47290,L,298.8,308.6,1872,22.5,82,0
1843,H31256,H,297.7,307.1,1855,22.5,7,0
466,M15325,M,297.3,308.6,1456,42.9,122,0
56,L47235,L,298.8,309.1,1512,40.7,156,0
907,M15766,M,295.6,306.1,1462,49.2,158,0
528,M15387,M,297.6,309.6,1592,35.8,57,0
472,H29885,H,297.3,308.8,1419,42.4,139,0
1238,M16097,M,297.1,308.4,1502,37.3,181,0
70,L47249,L,298.9,309,1410,65.7,191,1
849,L48028,L,296.3,307.4,1465,47.1,215,0
193,H29606,H,298.2,308.4,1398,51.8,76,0
1672,L48851,L,298.1,307.9,1614,35.8,196,0
1108,M15967,M,296.7,307.5,1515,42.1,55,0
444,H29857,H,297.4,308.5,1469,45.1,63,0
1831,L49010,L,297.8,307.3,1859,24,178,0
1509,M16368,M,298,308.6,1507,37.3,217,0
1993,L49172,L,298.2,307.8,1375,46.6,188,0
1756,L48935,L,298,307.3,1424,46.5,185,0
695,L47874,L,297.6,309.1,1394,50,62,0
981,L48160,L,296.1,306.7,1409,42.8,134,0
168,H29581,H,298.4,308.3,1458,42.9,15,0
765,L47944,L,296.8,307.9,1337,56.5,5,0
1159,L48338,L,297,307.9,1436,47.7,191,0
997,M15856,M,296.3,307.2,1286,51.1,177,0
1448,M16307,M,299,310.3,1662,33.6,67,0
1455,L48634,L,299.1,310.4,1428,46.9,87,0
1709,L48888,L,298.2,307.8,1627,31.5,64,0
521,L47700,L,297.6,309.5,1617,36.2,42,0
1493,M16352,M,298,308.7,1479,58.5,176,1
342,M15201,M,297.4,308.2,1530,32.6,22,0
1889,M16748,M,297.8,307.4,1902,24.3,129,0
1805,L48984,L,298.1,307.7,1495,48.1,111,0
2,L47181,L,298.2,308.7,1408,46.3,3,0
1025,L48204,L,296.2,307.3,1711,29.9,42,0
1685,L48864,L,297.8,307.3,1438,44.5,3,0
780,L47959,L,296.8,308,1666,29.8,41,0
1248,L48427,L,297.2,308.5,1513,42.9,212,0
167,H29580,H,298.4,308.2,1612,32.6,10,0
368,M15227,M,297.6,308.4,1569,38.3,93,0
1650,H31063,H,298,307.9,1482,37.8,132,0
1728,M16587,M,298.3,307.7,1602,33.4,106,0
1309,L48488,L,298.9,310.1,1750,25,156,0
1156,H30569,H,297,307.9,1846,27.3,179,0
1552,L48731,L,298.4,308.8,1458,40.1,111,0
1210,H30623,H,297,308.1,2540,13.3,98,0
1954,L49133,L,297.9,307.7,1593,34.9,83,0
1765,H31178,H,298.2,307.6,1318,55.7,0,0
668,L47847,L,297.5,308.9,1459,48.5,193,0
886,L48065,L,295.7,306.2,1397,52,101,0
619,H30032,H,298.2,310,1433,44.2,68,0
434,M15293,M,297.6,308.5,1848,23.7,37,0
1162,L48341,L,297,307.8,1316,61.2,200,1
1250,L48429,L,297.3,308.7,1467,36.8,216,0
22,L47201,L,298.8,309.3,1450,44.8,63,0
809,L47988,L,296.9,307.7,1424,43.3,120,0
1594,L48773,L,298,308.3,1544,34.7,213,0
1938,L49117,L,298.2,308,1411,42.4,48,0
843,M15702,M,296.6,307.5,1566,35,201,0
808,L47987,L,297,307.7,1867,22.8,118,0
1071,M15930,M,296.9,307.8,1477,37.2,160,0
701,M15560,M,297.6,308.8,1683,31.6,79,0
1418,L48597,L,298.7,309.9,1541,38.5,208,0
284,L47463,L,298.2,308.2,1469,43,88,0
278,H29691,H,298,308,1479,50.7,70,0
1754,L48933,L,298.2,307.5,1470,51.3,180,0
331,M15190,M,297.6,308.4,1398,41.9,215,0
96,M14955,M,299,309,1351,52.2,44,0
222,H29635,H,298.4,308.5,1827,24.3,153,0
492,L47671,L,297.4,309.2,1420,45.6,193,0
1361,H30774,H,298.8,310.2,1707,27.6,56,0
1420,L48599,L,298.7,309.8,1354,53.3,212,1
1333,L48512,L,299,310.3,1868,24,221,0
1694,H31107,H,298,307.5,1683,27.8,26,0
828,L48007,L,296.5,307.3,1501,42.1,162,0
68,H29481,H,298.8,308.9,1466,44.1,184,0
296,M15155,M,298.1,308.6,1716,30.7,119,0
570,M15429,M,297.7,309.6,1596,35.2,173,0
1147,L48326,L,297,307.9,1529,42.2,157,0
1717,L48896,L,298.1,307.7,1523,37.7,80,0
771,L47950,L,296.8,308,1391,54.4,17,0
796,L47975,L,296.9,307.8,1605,37,84,0
1971,M16830,M,297.9,307.6,1202,67,129,0
1408,L48587,L,298.9,310,1564,33.8,183,0
1860,L49039,L,297.8,307.4,1355,45.8,60,0
787,L47966,L,296.9,308.1,1741,28.8,60,0
464,L47643,L,297.4,308.7,2874,4.2,118,1
855,M15714,M,296.3,307.3,1498,41.6,15,0
316,L47495,L,297.9,308.4,1646,40.6,175,0
1297,L48476,L,298.7,309.9,1621,34.1,130,0
610,L47789,L,298.1,309.9,1629,32.5,45,0
983,L48162,L,296.2,306.9,1516,39.1,138,0
646,L47825,L,297.7,309.4,1392,44.1,140,0
1666,H31079,H,298.2,307.9,1491,39.7,181,0
148,L47327,L,298.4,308.4,1515,40.1,179,0
762,L47941,L,296.7,307.8,1646,34.6,238,0
1440,M16299,M,298.8,309.8,1534,37,47,0
1849,H31262,H,297.7,307.2,1429,44.1,26,0
1879,M16738,M,298.1,307.7,1424,47.7,103,0
1536,L48715,L,298,308.8,1581,36.1,73,0
311,H29724,H,298,308.6,1526,41.8,160,0
1759,L48938,L,298.1,307.4,1608,33.9,193,0
1825,L49004,L,298.1,307.5,1391,57.4,161,0
1767,M16626,M,298.3,307.7,1717,27.1,7,0
1977,M16836,M,298.1,307.7,1419,47.4,142,0
722,L47901,L,297.5,308.9,1696,30.9,133,0
252,M15111,M,298,308.2,1466,42.6,2,0
359,M15218,M,297.6,308.3,1467,36.7,68,0
1750,L48929,L,298.3,307.7,1576,33.8,171,0
1762,L48941,L,298.1,307.6,1950,20.3,202,0
1937,M16796,M,298.1,308,2129,18.4,45,0
1382,M16241,M,298.8,310.2,1583,35.7,116,0
2000,L49179,L,298.4,308,1540,37.8,7,0
488,M15347,M,297.4,309.1,1463,35,183,0
1405,M16264,M,298.9,310.1,1555,40.6,176,0
1538,M16397,M,298.4,309.1,1467,39.6,78,0
1330,H30743,H,298.8,310.2,1663,30.4,209,0
1707,L48886,L,298.2,307.8,1521,42.9,60,0
1103,L48282,L,296.8,307.5,1347,54.8,43,0
1904,L49083,L,297.9,307.6,1968,20.4,171,0
443,L47622,L,297.4,308.5,1399,61.5,61,1
1985,M16844,M,298,307.5,1387,45.5,166,0
1530,L48709,L,298.1,309,1557,36,56,0
1512,L48691,L,298.1,308.7,1642,30.3,3,0
853,M15712,M,296.3,307.3,1368,49.5,10,0
98,M14957,M,298.9,308.9,1750,29.9,50,0
1009,L48188,L,296.2,307.1,1441,41.7,3,0
51,L47230,L,298.9,309.1,2861,4.6,143,1
639,L47818,L,298,309.6,1536,37.3,120,0
529,M15388,M,297.5,309.5,1553,42.4,60,0
1015,L48194,L,296.2,307.2,1445,41.8,20,0
1544,L48723,L,298.4,308.9,1628,34.9,93,0
1349,L48528,L,298.7,310.2,1363,45.5,28,0
718,L47897,L,297.4,308.7,1545,36.9,125,0
29,L47208,L,299.1,309.4,1439,44.2,82,0
1626,L48805,L,297.9,307.8,1365,46.9,73,0
23,M14882,M,298.9,309.3,1581,30.7,65,0
1744,M16603,M,298.5,308,1713,25.8,154,0
58,L47237,L,298.8,309.1,1513,40.3,160,0
1914,M16773,M,298,307.8,1492,40.2,197,0
821,L48000,L,296.7,307.6,1516,37.4,146,0
827,L48006,L,296.5,307.2,1481,38.2,160,0
941,L48120,L,295.6,306.2,1443,48.9,33,0
1371,L48550,L,298.7,310.3,1451,40,86,0
1984,M16843,M,298,307.6,1459,44.4,163,0
676,M15535,M,297.8,309.1,1424,45.5,2,0
1158,L48337,L,297,307.8,1583,37.2,189,0
32,L47211,L,299,309.4,1798,25.5,89,0
185,L47364,L,298.2,308.2,1667,30.6,59,0
1699,L48878,L,297.9,307.6,1481,38,40,0
447,L47626,L,297.5,308.6,1452,39,72,0
261,M15120,M,298.2,308.3,1522,49.1,22,0
1164,L48343,L,296.9,307.9,1367,47.1,204,0
401,L47580,L,297.4,308.5,2100,16.9,176,0
1772,L48951,L,298.4,307.9,1446,45.3,23,0
1531,L48710,L,298.1,309,1497,40.5,58,0
1080,L48259,L,297,307.7,1731,28.5,186,0
1654,L48833,L,298,307.8,1386,57.3,147,0
1201,M16060,M,296.9,308,1430,55.9,71,0
1161,H30574,H,297,307.7,1834,23.8,195,0
1743,L48922,L,298.5,308,1379,49.6,152,0
418,L47597,L,297.4,308.4,1394,50.1,213,0
83,L47262,L,298.9,308.9,1453,40.8,11,0
187,L47366,L,298.1,308.3,1301,56,63,0
1771,H31184,H,298.4,307.9,1605,31,18,0
1369,H30782,H,298.8,310.3,1708,27.1,78,0
1026,L48205,L,296.2,307.3,1475,37,44,0
1925,L49104,L,297.9,307.7,1353,50.7,13,0
1066,L48245,L,296.8,307.9,1718,25.2,148,0
213,H29626,H,298.4,308.7,1344,52.9,130,0
705,L47884,L,297.7,308.9,1516,33.7,92,0
112,H29525,H,298.7,308.6,1499,43.5,84,0
1463,L48642,L,298.9,310.2,1706,27.6,103,0
845,L48024,L,296.5,307.5,1566,35.1,206,0
1553,L48732,L,298.5,308.9,1781,27.8,113,0
1092,L48271,L,297,307.7,1447,46.4,8,0
955,H30368,H,295.6,306.2,1414,42.5,69,0
1612,M16471,M,297.8,307.9,1726,27.3,35,0
1157,H30570,H,297,307.8,1404,40.7,184,0
505,M15364,M,297.6,309.3,1529,41.9,3,0
1073,M15932,M,297,307.9,1414,46.2,165,0
163,L47342,L,298.3,308.1,1586,35.5,0,0
1270,L48449,L,298.1,309.5,1467,41.8,48,0
1273,H30686,H,298,309.4,1562,38.1,58,0
1101,H30514,H,296.8,307.5,1695,30,33,0
874,L48053,L,295.9,306.4,1892,21.7,72,0
638,L47817,L,298.2,309.7,1585,37.4,118,0
1632,L48811,L,298,308,1433,39.2,87,0
729,M15588,M,297.4,308.7,1425,50.3,152,0
793,L47972,L,296.8,307.8,1373,42.9,74,0
738,H30151,H,296.9,308.3,1474,39.2,177,0
1024,L48203,L,296.2,307.3,1881,24.3,40,0
1226,H30639,H,297.1,308.3,1492,41.5,141,0
648,L47827,L,297.7,309.3,1559,36.9,145,0
1276,M16135,M,298.1,309.4,1362,47.6,70,0
914,L48093,L,295.5,306,1621,29.5,176,0
582,L47761,L,297.8,309.7,1394,42.9,206,0
259,L47438,L,298.1,308.2,1482,37.9,17,0
1277,M16136,M,298.2,309.4,1693,34.4,73,0
433,M15292,M,297.6,308.5,1466,39.7,34,0
1253,L48432,L,297.5,308.8,1533,41.5,223,0
199,L47378,L,298.4,308.7,1588,35,99,0
1861,L49040,L,297.8,307.6,1607,30.3,62,0
1574,L48753,L,298.2,308.2,1466,42.4,164,0
1346,L48525,L,298.5,310,1804,26.1,22,0
101,L47280,L,298.8,308.9,1852,25,57,0
1301,L48480,L,298.7,309.8,1322,57,140,0
1142,L48321,L,297,307.9,1635,31.6,147,0
1644,L48823,L,298,307.8,1453,37.7,119,0
880,L48059,L,295.8,306.3,1337,54.6,87,0
1535,L48714,L,298,308.8,1757,29.1,71,0
1403,M16262,M,298.9,310.1,1313,56.8,171,0
1057,L48236,L,296.8,307.8,1565,39.5,124,0
520,M15379,M,297.7,309.5,2027,19.8,39,0
439,L47618,L,297.4,308.4,1341,52.2,49,0
1662,M16521,M,298.2,308,1411,47.2,168,0
1568,L48747,L,298.1,308.2,1521,39.3,151,0
1442,L48621,L,298.8,309.9,1550,38.8,53,0
1891,L49070,L,297.8,307.4,1512,40.8,137,0
224,L47403,L,298.4,308.6,1569,34.4,160,0
251,L47430,L,298,308.3,1662,32.7,0,0
799,M15658,M,296.9,307.8,1828,24.6,91,0
1218,L48397,L,297,308.1,1455,43.5,122,0
1347,L48526,L,298.6,310.1,1533,33.9,24,0
1585,M16444,M,298.2,308.3,1639,33.3,191,0
1037,M15896,M,296.4,307.5,1684,31.4,72,0
884,L48063,L,295.7,306.3,1490,34.3,97,0
1048,M15907,M,296.6,307.7,1474,52.6,101,0
28,H29441,H,299.1,309.4,1811,24.6,77,0
1198,M16057,M,296.9,307.9,1441,47.6,60,0
564,L47743,L,297.7,309.6,1529,35.2,153,0
1399,L48578,L,299.1,310.3,1472,46.6,157,0
1686,L48865,L,297.9,307.3,1824,26.3,5,0
97,M14956,M,299,309,1575,35.3,47,0
1464,L48643,L,298.8,310.1,1607,39.5,105,0
125,L47304,L,298.9,308.7,1727,29.4,116,0
117,L47296,L,298.9,308.7,1564,34.1,99,0
402,L47581,L,297.5,308.5,1722,30.4,178,0
557,L47736,L,297.5,309.4,1357,50.1,137,0
188,L47367,L,298.2,308.4,1379,43.1,65,0
595,H30008,H,297.6,309.6,1278,50.4,2,0
750,L47929,L,296.6,308,1978,22.3,208,0
915,M15774,M,295.4,305.9,1518,40.6,178,0
894,M15753,M,295.7,306.2,1423,42.5,121,0
1688,L48867,L,297.9,307.3,1502,36.7,12,0
1763,H31176,H,298.2,307.6,1460,48.6,204,0
598,H30011,H,297.6,309.6,1428,46.6,13,0
217,L47396,L,298.3,308.6,1499,38.3,142,0
1692,L48871,L,297.9,307.5,1602,38.3,21,0
258,L47437,L,298,308,1615,29.5,15,0
747,L47926,L,296.8,308.1,1289,62,199,1
1367,M16226,M,298.7,310.1,1368,56.8,72,0
1556,L48735,L,298.4,308.6,1491,42,120,0
579,L47758,L,297.8,309.8,1533,36.8,198,0
523,M15382,M,297.5,309.5,1448,43.7,46,0
1503,L48682,L,298,308.7,1462,48.2,204,0
797,M15656,M,296.9,307.9,2010,18.9,86,0
1146,L48325,L,297,307.8,1553,33.3,155,0
317,L47496,L,297.8,308.4,1714,33.2,177,0
1920,L49099,L,298.2,308,1658,30,3,0
95,L47274,L,299,308.9,1622,31.9,42,0
1519,H30932,H,298.2,309,1371,55.7,23,0
844,L48023,L,296.6,307.5,1485,42.7,204,0
717,H30130,H,297.4,308.6,1420,45.8,120,0
1290,M16149,M,298.6,309.7,1635,32.2,110,0
1625,M16484,M,297.8,307.8,1310,57.9,70,0
107,L47286,L,298.8,308.7,1445,48.5,70,0
286,L47465,L,298.2,308.3,1568,36,92,0
852,M15711,M,296.2,307.2,1389,48.6,7,0
1096,L48275,L,296.9,307.5,2721,9.3,18,1
936,M15795,M,295.5,306,1641,36.6,21,0
1596,L48775,L,298,308.2,1365,52.9,218,1
1681,M16540,M,297.9,307.4,1610,34.6,219,0
1041,L48220,L,296.7,307.7,1502,43.9,84,0
170,L47349,L,298.4,308.3,1318,59.1,22,0
1459,L48638,L,298.9,310.3,1364,54,95,0
1529,L48708,L,298.1,309,1559,34,54,0
910,L48089,L,295.5,306,1456,39.2,167,0
343,L47522,L,297.4,308.2,1471,46.5,25,0
1432,M16291,M,298.9,309.9,1404,41.4,20,0
727,M15586,M,297.4,308.8,1628,37.4,144,0
1508,M16367,M,298,308.6,1376,55.7,214,0
1790,L48969,L,298.2,307.9,1313,67.3,67,1
713,L47892,L,297.5,308.7,1453,37.6,112,0
980,L48159,L,296.2,306.8,1389,53.3,132,0
269,H29682,H,297.9,308,1800,24.8,44,0
400,L47579,L,297.4,308.4,1392,49.7,174,0
1129,M15988,M,296.8,307.9,1843,25.2,116,0
1348,L48527,L,298.7,310.2,1717,27.3,26,0
1374,M16233,M,298.8,310.3,1366,59,94,0
1443,M16302,M,298.8,310,1486,38.5,55,0
1505,L48684,L,298,308.7,1506,47,208,0
1560,L48739,L,298.2,308.3,1458,41.8,132,0
1518,M16377,M,298.2,308.9,1408,38.8,20,0
633,H30046,H,298.3,310,1419,47.1,105,0
937,M15796,M,295.6,306.1,1418,46.2,24,0
1998,L49177,L,298.3,308.1,1672,41.3,0,0
1225,L48404,L,297.1,308.3,1763,25.7,139,0
234,L47413,L,298.2,308.4,1512,34.9,181,0
279,M15138,M,298,308,1620,29.4,75,0
703,M15562,M,297.7,308.9,1531,48.3,84,0
1648,L48827,L,297.8,307.8,1761,28.9,128,0
1492,M16351,M,298.1,308.9,1353,46.2,173,0
1045,L48224,L,296.5,307.6,1512,43.6,92,0
1131,L48310,L,296.8,307.9,1413,46.5,121,0
207,L47386,L,298.5,308.7,1609,35.3,117,0
735,H30148,H,297,308.4,1305,54.6,168,0
773,H30186,H,296.8,308,1453,51,24,0
121,L47300,L,298.9,308.7,1433,44.7,108,0
1439,L48618,L,298.8,309.9,1482,39.1,45,0
500,L47679,L,297.5,309.1,1515,35.1,213,0
707,M15566,M,297.8,309,1434,43.3,96,0
1398,L48577,L,299.1,310.2,1569,38.2,155,0
1417,M16276,M,298.7,309.9,2083,18.2,205,0
1075,L48254,L,297,307.9,1595,31.7,170,0
964,L48143,L,295.8,306.6,1621,31.6,95,0
362,L47541,L,297.5,308.3,1596,36.8,77,0
1981,M16840,M,298,307.6,1301,58.5,155,0
989,H30402,H,296.3,307.1,1774,25.9,154,0
642,L47821,L,297.9,309.5,1390,47.9,127,0
1970,H31383,H,297.8,307.5,1631,31.3,124,0
1375,L48554,L,298.8,310.3,1553,36.8,97,0
347,M15206,M,297.5,308.3,1459,45.2,34,0
1206,L48385,L,296.8,308,1371,54.5,86,0
842,L48021,L,296.6,307.5,1439,45.5,199,0
1028,M15887,M,296.3,307.4,1335,50.5,48,0
357,M15216,M,297.6,308.4,1398,48.9,63,0
1525,L48704,L,298.2,309,1601,35.8,43,0
1304,L48483,L,298.7,309.9,1593,42.5,146,0
1342,M16201,M,298.6,310.2,1328,50.5,12,0
946,M15805,M,295.7,306.3,1347,50.4,46,0
933,L48112,L,295.6,306,1363,50,14,0
139,H29552,H,298.8,308.6,1449,49.4,150,0
1204,H30617,H,297,308.1,1410,47.6,79,0
1678,M16537,M,297.9,307.5,1647,30.8,212,0
1077,L48256,L,296.9,307.7,1653,35.9,177,0
314,L47493,L,298,308.6,1313,50.8,170,0
1696,L48875,L,298,307.6,1509,41.6,33,0
899,L48078,L,295.6,306.2,1446,49.9,133,0
256,L47435,L,298,308.2,1489,40.4,11,0
1212,H30625,H,296.9,308,1416,46.9,105,0
1691,M16550,M,297.9,307.4,1435,42.9,18,0
1428,L48607,L,298.7,309.8,1394,40.3,11,0
1477,L48656,L,298.4,309.5,1692,28.3,136,0
1776,L48955,L,298.5,308,1404,48.1,32,0
1060,M15919,M,296.7,307.9,1874,21.3,130,0
1641,L48820,L,298,307.8,1567,36.4,109,0
1343,M16202,M,298.6,310.1,1596,33,15,0
1721,L48900,L,298.2,307.7,1459,44.5,89,0
9,M14868,M,298.3,308.7,1667,28.6,18,0
72,L47251,L,298.9,309.1,1452,45.5,196,0
1469,M16328,M,298.6,309.8,1419,44.9,115,0
1679,L48858,L,298,307.5,1644,32.8,215,0
1933,M16792,M,298.1,308,1686,29.3,35,0
299,H29712,H,297.9,308.5,2129,18.7,126,0
973,L48152,L,295.8,306.6,1644,35.2,115,0
43,M14902,M,298.8,309.1,1368,49.1,117,0
837,L48016,L,296.6,307.4,1368,45.1,185,0
1557,H30970,H,298.4,308.5,1398,47.1,122,0
1138,L48317,L,296.9,307.8,1653,29.7,137,0
1608,L48787,L,297.8,307.8,1412,48.3,27,0
1306,L48485,L,298.8,310,1672,30.4,150,0
361,M15220,M,297.5,308.3,1521,38.2,74,0
909,M15768,M,295.5,306.1,1822,24.3,164,0
865,M15724,M,296,306.7,2044,22.3,48,0
1602,L48781,L,297.8,307.8,1597,38.2,11,0
280,L47459,L,298,308.1,1819,23.4,78,0
519,L47698,L,297.6,309.5,1924,20.6,37,0
320,L47499,L,297.8,308.4,1612,32.1,183,0
1200,M16059,M,296.9,307.9,1979,20.4,68,0
1069,L48248,L,296.8,307.8,1394,47.7,155,0
1511,M16370,M,298.1,308.7,1547,38.9,0,0
1484,L48663,L,298,308.9,1578,35.6,153,0
524,L47703,L,297.4,309.4,1401,45.9,49,0
174,M15033,M,298.2,308,1591,33.7,32,0
1991,L49170,L,298.2,307.8,1423,48.1,183,0
673,M15532,M,297.6,308.9,1433,43.2,206,0
219,L47398,L,298.3,308.6,1447,38.1,146,0
1088,H30501,H,296.9,307.8,1549,35.8,206,1
1999,H31412,H,298.3,308,1637,30.8,2,0
1114,M15973,M,296.6,307.4,1790,25.8,72,0
1456,L48635,L,299,310.4,1382,53,89,0
360,M15219,M,297.6,308.3,1567,34.6,71,0
956,L48135,L,295.6,306.3,1911,20.9,74,0
1741,M16600,M,298.5,307.9,1640,33.1,146,0
1725,M16584,M,298.3,307.8,1457,52.5,98,0
486,M15345,M,297.4,309,1685,30.7,177,0
1965,M16824,M,297.8,307.5,1405,46.9,113,0
1030,M15889,M,296.2,307.3,1477,35.2,53,0
1232,M16091,M,297.2,308.5,1604,40.7,158,0
689,H30102,H,297.6,309,1735,26.4,41,0
1877,L49056,L,298.3,308,1242,62,98,0
19,H29432,H,298.8,309.2,1306,54.5,50,0
1081,L48260,L,297,307.8,1774,28,188,0
1083,H30496,H,297.1,307.9,1420,39.8,192,0
526,L47705,L,297.4,309.4,1466,45.5,53,0
840,M15699,M,296.5,307.4,1565,43.5,194,0
41,L47220,L,298.8,309.1,1362,45.4,113,0
1884,M16743,M,298,307.6,1472,46.7,116,0
329,H29742,H,297.6,308.4,1703,31.4,205,0
1905,M16764,M,298,307.6,1569,35.6,173,0
1372,M16231,M,298.7,310.3,1495,38.7,88,0
1619,L48798,L,297.9,307.8,1286,59.5,55,0
1331,L48510,L,298.9,310.2,1696,30.2,214,0
1404,L48583,L,299,310.2,1372,48,174,0
84,L47263,L,299,309,1469,40.1,13,0
640,L47819,L,298,309.6,1403,51.3,122,0
1126,M15985,M,296.7,307.8,1375,51.4,108,0
1715,L48894,L,298.2,307.8,1388,48.6,76,0
1195,M16054,M,297,308.1,1507,43.1,51,0
1554,L48733,L,298.5,308.8,1332,59.1,115,0
231,L47410,L,298.3,308.6,1570,34.8,175,0
1039,L48218,L,296.6,307.6,1498,41.1,80,0
436,L47615,L,297.4,308.3,1493,41.2,43,0
1462,L48641,L,298.9,310.2,1491,45.1,101,0
601,L47780,L,297.8,309.7,1547,37.3,25,0
1590,M16449,M,298.1,308.3,1453,41.5,204,0
189,L47368,L,298.3,308.5,1606,33.6,67,0
838,L48017,L,296.6,307.4,1465,47.8,187,0
1978,M16837,M,298.1,307.7,1633,30.7,145,0
847,M15706,M,296.4,307.4,1416,50,210,0
1946,L49125,L,298.1,308.1,1616,32.8,65,0
1658,M16517,M,298.1,308,1374,48.8,156,0
769,L47948,L,296.9,308,1713,29.3,13,0
1507,L48686,L,298,308.8,1610,33.7,212,0
551,L47730,L,297.4,309.2,1698,29.4,119,0
1629,L48808,L,297.9,307.8,1451,38.2,80,0
441,L47620,L,297.4,308.5,1389,39.2,54,0
1188,M16047,M,297.4,308.6,1522,38,33,0
1598,L48777,L,297.9,308.1,1531,40.8,2,0
122,L47301,L,298.9,308.7,1558,41.2,110,0
1377,M16236,M,298.8,310.2,1527,31.2,102,0
963,M15822,M,295.8,306.6,1480,43.2,92,0
623,M15482,M,298.4,310.2,1725,32,80,0
1941,L49120,L,298.1,307.9,1578,35.6,55,0
993,L48172,L,296.1,307.1,1651,35.7,167,0
34,L47213,L,298.9,309.3,1665,32.5,93,0
680,L47859,L,297.8,309.2,1372,47.3,15,0
104,M14963,M,298.8,308.8,1441,40.5,63,0
696,L47875,L,297.6,309,1487,45.4,64,0
129,L47308,L,299,308.6,1587,38.6,124,0
86,M14945,M,299,309,1804,26.8,17,0
785,L47964,L,296.7,307.9,1743,27.9,55,0
1900,L49079,L,297.8,307.5,1388,40,159,0
1380,L48559,L,298.7,310.1,1620,34.8,112,0
1909,L49088,L,297.9,307.6,1977,20.2,182,0
1481,M16340,M,298.2,309.3,2056,18.7,144,0
534,L47713,L,297.5,309.3,1675,29.8,72,0
1729,L48908,L,298.3,307.7,1465,49.4,109,0
921,M15780,M,295.5,305.9,1518,44.1,194,0
1120,L48299,L,296.5,307.5,1340,59.1,89,0
1495,M16354,M,298,308.7,1377,48.5,181,0
971,L48150,L,295.8,306.5,1568,35.1,111,0
1545,L48724,L,298.4,309,1474,52.7,95,0
779,L47958,L,296.7,308,1580,32.2,39,0
1384,M16243,M,298.9,310.2,1331,49,121,0
802,L47981,L,296.9,307.8,1285,52.1,100,0
1177,M16036,M,297.2,308.3,1429,42,6,0
1506,L48685,L,298,308.7,1626,36.7,210,0
1867,M16726,M,298.1,307.9,1662,28.9,76,0
1245,L48424,L,297.1,308.4,1726,28.4,202,0
1997,M16856,M,298.4,308,1416,38.2,198,1
151,L47330,L,298.4,308.3,1422,42.7,186,0
939,L48118,L,295.6,306.2,1823,25.8,29,0
792,L47971,L,296.8,307.9,1611,35.4,72,0
1559,M16418,M,298.2,308.3,1476,43.5,129,0
986,L48165,L,296.4,307.2,1748,25.3,144,0
970,L48149,L,295.9,306.6,1412,41,109,0
1214,M16073,M,296.8,307.8,1551,38.9,112,0
885,L48064,L,295.8,306.4,1356,48,99,0
892,L48071,L,295.7,306.1,1408,47.9,117,0
78,L47257,L,298.8,308.9,1455,41.3,208,1
281,M15140,M,298.1,308.1,1456,43.7,80,0
302,L47481,L,297.7,308.4,1740,27.1,136,0
126,L47305,L,298.9,308.6,1560,32.2,118,0
141,L47320,L,298.8,308.6,1511,36.1,157,0
323,L47502,L,297.8,308.5,1448,40,192,0
349,L47528,L,297.6,308.3,1617,31.7,39,0
1835,L49014,L,297.8,307.2,1498,38.1,188,0
920,L48099,L,295.4,305.8,1407,50.7,192,0
1863,L49042,L,297.9,307.7,1517,44.4,67,0
535,L47714,L,297.5,309.3,1623,33.4,74,0
772,H30185,H,296.8,308,1311,58.6,19,0
287,L47466,L,298.2,308.3,1589,33.2,94,0
459,L47638,L,297.3,308.6,1486,42.6,105,0
39,H29452,H,298.9,309.2,1379,50.7,106,0
115,L47294,L,298.8,308.6,1680,29.4,95,0
949,M15808,M,295.6,306.3,1426,45.5,53,0
578,L47757,L,297.7,309.7,1591,37.7,196,0
1302,L48481,L,298.7,309.9,1483,32.8,142,0
1740,H31153,H,298.5,307.9,1260,54.2,141,0
1337,L48516,L,298.9,310.3,1583,32.6,230,0
1118,L48297,L,296.5,307.4,1523,40.7,85,0
1385,L48564,L,298.9,310.3,1484,43.8,124,0
1812,M16671,M,298.1,307.8,1569,31.2,131,0
708,L47887,L,297.7,308.9,1838,27.3,99,0
442,H29855,H,297.5,308.5,1393,46.6,56,0
1034,H30447,H,296.4,307.5,1556,38,62,0
90,M14949,M,298.9,308.9,1487,39.5,30,0
637,L47816,L,298.3,309.9,1463,43.9,116,0
778,L47957,L,296.7,307.8,1382,47.5,37,0
758,L47937,L,296.9,308.1,1555,33.7,229,0
1583,H30996,H,298.1,308.3,1530,42,184,0
1362,M16221,M,298.6,310.1,1458,41.9,61,0
1100,M15959,M,296.8,307.4,1472,43.9,30,0
1128,M15987,M,296.7,307.8,1672,32.4,113,0
1460,L48639,L,299,310.3,1472,36.1,97,0
605,L47784,L,297.9,309.9,1542,33.8,33,0
431,L47610,L,297.5,308.6,1596,37.1,30,0
159,M15018,M,298.4,308.2,1499,40,211,0
1360,L48539,L,298.7,310.2,1404,50.3,54,0
1339,L48518,L,298.6,310.1,1721,27.2,5,0
377,M15236,M,297.4,308.2,1401,51.9,117,0
1972,L49151,L,297.9,307.6,1298,52.7,132,0
965,L48144,L,295.7,306.5,1737,26.2,97,0
587,L47766,L,297.6,309.6,1501,49.8,222,1
1865,L49044,L,297.9,307.7,1546,37.6,72,0
777,L47956,L,296.7,307.8,1468,39.2,35,0
487,M15346,M,297.4,309.1,1582,35.9,180,0
1569,L48748,L,298.2,308.2,1407,47.1,153,0
1804,L48983,L,298.1,307.7,1388,40.3,109,0
1097,L48276,L,297,307.6,1680,35.8,20,0
1376,M16235,M,298.8,310.3,1528,37.1,99,0
630,L47809,L,298.3,310.1,1523,45.9,99,0
716,L47895,L,297.4,308.6,1324,59.1,118,0
629,M15488,M,298.4,310.1,1335,57.8,96,0
1328,L48507,L,298.8,310.2,1814,26.8,204,0
1151,L48330,L,297.1,307.9,1456,50,166,0
1824,L49003,L,298.1,307.7,1414,48.7,159,0
1932,M16791,M,298.2,308,1969,21.7,32,0
10,M14869,M,298.5,309,1741,28,21,0
1839,M16698,M,297.8,307.2,1456,39.6,199,0
1105,L48284,L,296.6,307.4,1389,42.7,48,0
699,L47878,L,297.6,308.8,1539,40.2,72,0
567,M15426,M,297.6,309.7,1541,33.7,165,0
1458,L48637,L,299,310.3,1475,42.4,93,0
1887,L49066,L,297.9,307.6,1503,40.7,124,0
597,M15456,M,297.6,309.6,1530,37.3,10,0
1782,L48961,L,298.5,308.1,1662,28.6,48,0
818,L47997,L,296.8,307.6,1368,52,140,0
683,H30096,H,297.8,309,1410,48.8,23,0
1008,M15867,M,296.2,307.2,1633,31.1,0,0
430,L47609,L,297.5,308.6,1208,62.3,28,0
510,M15369,M,297.6,309.3,1415,41.3,17,0
764,L47943,L,296.7,307.8,1400,47.5,3,0
1541,M16400,M,298.4,309.1,1525,39.3,86,0
59,M14918,M,298.8,309,1661,29.5,162,0
407,L47586,L,297.4,308.6,1439,51.9,188,0
306,L47485,L,297.8,308.4,2129,19.2,148,0
1778,H31191,H,298.6,308.2,1555,36.8,36,0
91,L47270,L,298.9,308.9,1753,25.8,33,0
694,L47873,L,297.7,309.1,1477,38.3,60,0
657,M15516,M,297.7,309.1,1732,28.1,167,0
507,L47686,L,297.6,309.3,1543,34.3,8,0
776,L47955,L,296.7,307.8,1453,46,33,0
195,M15054,M,298.2,308.5,2678,10.7,86,1
462,L47641,L,297.4,308.7,1402,40.2,114,0
1473,M16332,M,298.5,309.6,1438,44.5,124,0
62,M14921,M,298.8,309,1592,38.2,169,0
1239,M16098,M,297.1,308.4,1615,32.6,184,0
951,L48130,L,295.6,306.2,1424,42.5,58,0
293,L47472,L,298.1,308.4,1335,40.2,109,0
1928,H31341,H,298,307.8,1314,47.8,19,0
356,L47535,L,297.6,308.3,1623,36.9,61,0
1708,L48887,L,298.2,307.8,1439,41.6,62,0
1572,L48751,L,298.3,308.4,1528,37.3,160,0
48,L47227,L,298.8,309.1,1418,46.3,133,0
1491,L48670,L,298.2,309,1341,43.8,171,0
741,M15600,M,296.9,308.4,1450,46.9,186,0
1573,L48752,L,298.2,308.3,1230,59.6,162,0
11,H29424,H,298.4,308.9,1782,23.9,24,0
1338,H30751,H,298.7,310.2,1613,36,0,0
1410,L48589,L,298.9,310.1,1466,42.5,187,0
1220,M16079,M,296.9,308.1,1357,41.8,127,0
1414,M16273,M,298.7,309.8,1528,36.7,197,0
961,L48140,L,295.8,306.5,1534,37.9,88,0
733,L47912,L,297.2,308.6,1924,22.1,163,0
1258,L48437,L,297.5,308.9,1466,43,15,0
1588,M16447,M,298.2,308.3,1448,43.3,199,0
1359,M16218,M,298.7,310.1,1693,31.9,51,0
643,M15502,M,297.8,309.4,1226,58.7,129,0
1356,M16215,M,298.6,310,1681,35.5,44,0
1577,L48756,L,298.3,308.4,1490,41.7,170,0
590,L47769,L,297.6,309.4,1491,40.2,231,0
829,L48008,L,296.5,307.3,1566,37.2,164,0
1979,L49158,L,298,307.7,1442,43.6,148,0
1340,M16199,M,298.6,310.2,1668,31.5,7,0
1532,H30945,H,298.1,309,1438,41.4,60,0
497,M15356,M,297.5,309.2,1530,40,206,0
476,L47655,L,297.4,309.1,1380,41.1,152,0
1711,L48890,L,298.2,307.8,1530,35.9,68,0
424,L47603,L,297.3,308.3,1484,43.9,13,0
807,M15666,M,297,307.9,1422,53,115,0
710,M15569,M,297.6,308.8,1357,49.7,104,0
477,L47656,L,297.4,309,1570,37.9,154,0
1042,L48221,L,296.6,307.6,1809,25.1,86,0
677,H30090,H,297.9,309.2,1577,34.7,5,0
1262,H30675,H,297.6,309,1885,25.2,24,0
1394,L48573,L,299.1,310.4,1594,33.3,147,0
1139,L48318,L,296.9,307.9,1435,41.6,139,0
542,L47721,L,297.4,309.4,1296,52.3,96,0
376,L47555,L,297.4,308.2,1533,37.4,115,0
1315,M16174,M,299,310.3,1635,34.5,168,0
337,M15196,M,297.6,308.2,1995,20.5,10,0
1922,L49101,L,298.1,307.9,1665,32,7,0
1453,L48632,L,299,310.3,1584,34.4,83,0
1298,L48477,L,298.8,309.9,1428,42.4,132,0
6,M14865,M,298.1,308.6,1425,41.9,11,0
1223,L48402,L,297,308.3,1399,59,135,0
753,L47932,L,296.9,308.1,1422,48.7,215,0
1000,L48179,L,296.3,307.1,1560,33.2,186,0
485,L47664,L,297.4,309,1568,33.7,175,0
709,M15568,M,297.6,308.8,1416,45.9,101,0
1086,L48265,L,297,307.8,1385,56.4,202,1
73,L47252,L,298.9,309.1,1369,44.4,198,0
1988,M16847,M,298.2,307.8,1599,31.2,173,0
1510,L48689,L,298,308.5,1429,37.7,220,1
254,L47433,L,298,308.2,1357,48.2,7,0
743,L47922,L,296.8,308.2,1643,34.7,191,0
1395,L48574,L,299.1,310.4,1527,44,149,0
1216,L48395,L,296.8,307.9,1709,28.4,118,0
603,L47782,L,297.9,309.8,2000,21.3,29,0
452,H29865,H,297.5,308.6,1440,46.1,84,0
1953,L49132,L,298,307.8,1266,60.5,81,0
611,L47790,L,298.1,310,1534,33.7,47,0
114,M14973,M,298.8,308.6,1486,41.9,92,0
684,L47863,L,297.7,309,1874,24.4,28,0
493,L47672,L,297.5,309.3,1404,43.5,195,0
693,L47872,L,297.7,309.1,1479,42.1,58,0
988,M15847,M,296.3,307.1,1534,33.8,151,0
363,H29776,H,297.6,308.3,1640,30.9,79,0
1911,H31324,H,298,307.7,1547,36.8,186,0
214,L47393,L,298.4,308.7,1386,44.9,135,0
1883,M16742,M,298,307.6,1581,43.4,113,0
918,L48097,L,295.3,305.7,1475,51,187,0
954,L48133,L,295.5,306.1,1650,32.8,67,0
1095,L48274,L,296.9,307.5,1354,44.4,16,0
1974,L49153,L,297.9,307.6,1747,25.3,136,0
848,L48027,L,296.4,307.4,2833,5.6,213,1
1191,L48370,L,297.2,308.4,1460,42.1,41,0
1278,M16137,M,298.2,309.4,1408,46.5,76,0
270,L47449,L,298,308,1524,37,49,0
1892,L49071,L,297.7,307.4,1764,29,139,0
644,M15503,M,297.8,309.4,1495,36.5,132,0
714,L47893,L,297.4,308.6,1439,46.4,114,0
1680,L48859,L,298,307.5,1792,27.9,217,0
1720,L48899,L,298.2,307.7,1503,38.3,87,0
1669,L48848,L,298.2,307.9,1551,34.1,190,0
1693,M16552,M,298.1,307.6,1764,27.7,23,0
134,M14993,M,298.7,308.4,1430,49.6,135,0
1940,M16799,M,298.1,307.9,1303,53.9,52,0
836,M15695,M,296.7,307.4,1533,32.5,182,0
612,L47791,L,298.1,310,1553,40.9,49,0
1246,M16105,M,297.1,308.4,1588,33.4,204,0
724,M15583,M,297.4,308.9,1500,46.3,137,0
1002,L48181,L,296.3,307.1,1662,32.9,190,0
426,M15285,M,297.3,308.4,1665,28.9,17,0
566,H29979,H,297.7,309.7,1570,35.8,160,0
1564,L48743,L,298.2,308.3,1402,51,141,0
1236,H30649,H,297.1,308.4,1654,31.4,171,0
1406,L48585,L,298.9,310.1,1394,42.7,179,0
1563,L48742,L,298.2,308.3,2216,16.8,139,0
319,L47498,L,297.8,308.4,1512,39.9,181,0
889,M15748,M,295.6,306.1,1651,28.1,110,0
241,M15100,M,298,308.1,1339,51.6,197,0
1498,L48677,L,298,308.7,1629,34.3,191,0
504,M15363,M,297.6,309.2,1442,48.1,0,0
1222,M16081,M,297,308.3,1399,46.4,132,0
393,M15252,M,297.6,308.5,1490,43.4,154,0
260,M15119,M,298.1,308.2,1420,63.9,19,1
322,L47501,L,297.8,308.4,1518,32.5,190,0
731,M15590,M,297.3,308.6,1471,50.7,157,0
864,L48043,L,296,306.7,1416,44.2,46,0
1256,H30669,H,297.5,308.9,1419,50.7,7,0
846,L48025,L,296.3,307.3,1439,41.5,208,0
940,L48119,L,295.5,306.1,1488,40.7,31,0
353,M15212,M,297.6,308.4,1507,46,51,0
1732,M16591,M,298.3,307.9,1485,42,117,0
715,L47894,L,297.4,308.6,1609,36.2,116,0
1815,L48994,L,298.1,307.7,1650,34.1,138,0
155,L47334,L,298.4,308.2,1528,36.2,196,0
1875,L49054,L,298.4,308.1,1598,32.7,94,0
1475,M16334,M,298.5,309.5,1366,61.9,130,0
544,H29957,H,297.5,309.3,1563,36.1,100,0
226,L47405,L,298.3,308.5,1362,53.8,164,0
692,L47871,L,297.7,309.1,1563,39.3,56,0
995,M15854,M,296.2,307.2,1168,63.4,172,0
962,L48141,L,295.8,306.5,1493,40.5,90,0
364,L47543,L,297.6,308.3,1438,47.8,84,0
1184,L48363,L,297.3,308.4,1513,40.5,25,0
1104,M15963,M,296.7,307.4,1540,38.7,45,0
1730,M16589,M,298.3,307.7,1439,43.8,111,0
1133,L48312,L,296.8,307.9,1271,61.4,125,0
152,M15011,M,298.4,308.2,1463,37.6,188,0
1389,H30802,H,298.9,310.1,1491,45.3,133,0
1314,L48493,L,298.9,310.2,1359,56.9,166,0
1168,L48347,L,297,308.1,1362,52.5,213,1
369,L47548,L,297.5,308.4,1489,39.5,96,0
100,L47279,L,298.8,308.8,1523,44.4,55,0
959,L48138,L,295.8,306.4,1399,47.6,84,0
1780,M16639,M,298.6,308.2,1488,44,43,0
54,L47233,L,298.7,309,1565,35.1,152,0
811,L47990,L,296.9,307.7,1550,39.7,124,0
1816,M16675,M,298.1,307.6,1565,36.3,140,0
908,M15767,M,295.6,306.1,1669,29,161,0
984,L48163,L,296.2,306.9,1526,34.9,140,0
631,L47810,L,298.3,310,1460,47.6,101,0
438,L47617,L,297.3,308.3,1538,38.5,47,0
938,L48117,L,295.6,306.2,1263,61.8,27,0
294,H29707,H,298.1,308.5,1392,44.8,111,0
1784,H31197,H,298.3,308,1553,41,52,0
686,M15545,M,297.7,309,1636,29.7,32,0
1046,H30459,H,296.4,307.5,1403,52.8,94,0
1969,L49148,L,298,307.6,1281,50.8,122,0
804,H30217,H,296.9,307.8,1549,37.8,104,0
958,M15817,M,295.7,306.4,1387,40.1,81,0
1021,L48200,L,296.3,307.3,1372,57.7,33,0
181,L47360,L,298.2,308.3,1475,49.9,47,0
127,L47306,L,299,308.6,1329,60.5,120,0
301,L47480,L,297.8,308.4,1622,38.3,134,0
277,M15136,M,298,307.9,1750,26.6,67,0
49,H29462,H,298.8,309.2,1425,53.9,135,0
1631,L48810,L,297.9,307.9,1412,44.5,85,0
1623,H31036,H,297.7,307.6,1538,38.3,63,0
979,M15838,M,296.2,306.8,1526,42.3,129,0
1043,L48222,L,296.6,307.6,1542,37.4,88,0
537,L47716,L,297.4,309.3,1759,24.8,81,0
1751,M16610,M,298.4,307.8,1617,31.6,173,0
1604,M16463,M,297.8,307.8,1622,32.1,18,0
1810,L48989,L,298.1,307.7,1767,27,127,0
1637,L48816,L,297.9,307.8,1505,37.3,100,0
1864,M16723,M,297.9,307.7,1517,39.5,69,0
1783,L48962,L,298.4,308,1571,37.4,50,0
1282,H30695,H,298.3,309.5,1427,54.3,89,0
782,L47961,L,296.8,308,1675,29.7,46,0
1437,H30850,H,298.8,309.8,1510,44.2,35,0
1054,M15913,M,296.7,307.7,1597,32.1,114,0
1829,L49008,L,297.8,307.2,1351,56.3,174,0
1975,L49154,L,298,307.6,1450,48.7,138,0
1044,L48223,L,296.5,307.6,1431,45.2,90,0
1457,L48636,L,299,310.3,1501,43,91,0
1967,L49146,L,297.9,307.6,1515,40.5,118,0
63,L47242,L,298.8,309,1829,22.9,172,0
1841,M16700,M,297.7,307.2,1405,43.7,2,0
1163,L48342,L,296.9,307.8,1400,57.1,202,1
1487,M16346,M,298.2,309.2,1524,34.6,161,0
881,M15740,M,295.8,306.3,1235,76.2,89,1
276,L47455,L,298,308,1401,54.7,65,0
395,L47574,L,297.5,308.4,1528,39.9,160,0
1174,H30587,H,297.1,308,1559,38.8,229,0
1190,M16049,M,297.2,308.3,1794,27.5,38,0
60,L47239,L,298.8,309.1,1378,54.4,165,0
756,H30169,H,296.8,308.1,1492,43.7,222,0
568,M15427,M,297.7,309.7,1680,30.2,168,0
24,L47203,L,299,309.4,1758,25.7,68,0
471,H29884,H,297.3,308.8,1499,44.2,134,0
348,L47527,L,297.5,308.3,1544,40.8,37,0
1438,H30851,H,298.8,309.9,1439,45.2,40,1
794,M15653,M,296.8,307.9,1683,31.8,76,0
1958,H31371,H,297.9,307.7,1618,35.9,92,0
1897,L49076,L,297.9,307.5,1574,35.8,153,0
1814,L48993,L,298.1,307.7,1479,45,136,0
1785,L48964,L,298.3,308,2886,3.8,57,1
1319,M16178,M,299,310.3,1582,33.3,177,0
1076,H30489,H,296.9,307.8,1345,54.5,172,0
974,L48153,L,295.9,306.6,1679,30.4,117,0
763,M15622,M,296.7,307.8,1286,60.5,0,0
45,M14904,M,298.8,309.1,1472,47.5,125,0
1003,L48182,L,296.3,307.2,1646,35,192,0
1951,M16810,M,298,307.9,1479,47.6,76,0
759,L47938,L,296.8,308,1497,41.7,231,0
318,L47497,L,297.8,308.4,1685,28.4,179,0
1327,L48506,L,298.9,310.2,1411,46.5,202,0
912,M15771,M,295.6,306.1,1490,42.7,171,0
720,L47899,L,297.4,308.8,1447,58.1,129,0
1193,M16052,M,297.2,308.3,1431,43.7,46,0
618,M15477,M,298.1,310,1393,43.1,65,0
1018,L48197,L,296.3,307.2,1637,31.6,27,0
1064,M15923,M,296.8,307.8,1664,32.8,142,0
812,L47991,L,296.8,307.6,1588,37.6,126,0
615,M15474,M,298,309.9,1445,45.2,55,0
282,L47461,L,298.1,308,1626,36.5,83,0
1562,L48741,L,298.2,308.4,1388,53.8,137,0
674,L47853,L,297.6,308.9,1449,47.7,209,0
1959,H31372,H,297.9,307.7,1464,43.2,97,0
80,L47259,L,298.8,308.9,1402,37.9,2,0
887,L48066,L,295.7,306.2,1458,40.6,103,0
74,L47253,L,299,309.1,1592,35,200,0
465,L47644,L,297.3,308.6,1511,35.7,120,0
247,L47426,L,297.9,308.1,1585,33.5,212,0
1235,H30648,H,297.2,308.5,2440,14,166,0
1806,H31219,H,298.1,307.7,1376,56.2,113,0
1040,L48219,L,296.7,307.7,1524,36.8,82,0
89,M14948,M,299,309,1419,45.2,27,0
732,M15591,M,297.3,308.6,1431,53,160,0
76,L47255,L,298.8,308.9,1379,46.7,204,0
1647,M16506,M,297.9,307.7,1527,42.8,125,0
1007,L48186,L,296.2,307.1,1413,53.4,203,0
835,H30248,H,296.6,307.4,1333,50.2,177,0
775,L47954,L,296.8,307.9,1448,48.8,31,0
1005,H30418,H,296.3,307.2,1424,42,196,0
1957,M16816,M,297.9,307.7,1364,46.8,89,0
1180,L48359,L,297.3,308.4,1441,43.4,14,0
740,L47919,L,296.9,308.4,1390,41.8,184,0
664,L47843,L,297.5,308.9,1469,44,185,0
1413,M16272,M,298.8,309.9,1415,53.2,194,0
379,L47558,L,297.3,308.2,1754,29.4,123,0
265,L47444,L,298.1,308.2,1390,47.5,33,0
1996,L49175,L,298.3,308,1451,47.1,196,0
944,M15803,M,295.6,306.2,1477,45,40,0
1576,L48755,L,298.2,308.3,2057,18,168,0
682,M15541,M,297.7,309,1656,33.2,20,0
1871,L49050,L,298.3,308,1486,42.3,86,0
985,L48164,L,296.3,307.1,1419,48.6,142,0
1452,L48631,L,298.9,310.4,1831,25.4,81,0
1739,H31152,H,298.4,307.9,1948,21.4,136,0
559,L47738,L,297.5,309.4,1650,34.6,142,0
1731,M16590,M,298.3,307.8,1330,55.4,114,0
1486,M16345,M,298.1,309,1976,19.3,158,0
64,M14923,M,298.9,309,1812,25.9,174,0
210,L47389,L,298.4,308.6,1477,44,124,0
1271,M16130,M,298,309.4,1276,65.9,50,0
1878,M16737,M,298.2,307.8,1566,33.8,100,0
857,L48036,L,296.1,307.1,1898,22.7,20,0
1826,M16685,M,298,307.5,1784,27.8,163,0
681,M15540,M,297.8,309.1,1432,42.6,17,0
725,L47904,L,297.5,308.9,1390,44.6,140,0
621,M15480,M,298.3,310.1,1389,49.6,75,0
1980,H31393,H,298,307.6,1420,45.8,150,0
1323,H30736,H,298.9,310.1,1452,49.9,187,0
1820,M16679,M,298.1,307.6,2066,19.2,150,0
1534,M16393,M,298,308.9,1339,51.4,68,0
408,M15267,M,297.4,308.5,1600,42.1,190,0
1305,L48484,L,298.8,310,2098,19.6,148,0
666,L47845,L,297.5,308.9,1729,28.1,189,0
1752,L48931,L,298.3,307.6,1942,20.6,176,0
1823,L49002,L,298.1,307.6,1488,39.4,157,0
978,L48157,L,296,306.7,1917,21,127,0
1667,L48846,L,298.2,307.9,1551,36,186,0
178,L47357,L,298.2,308.2,1988,21.4,41,0
1136,L48315,L,296.9,307.9,1535,39.2,133,0
1053,L48232,L,296.7,307.7,1927,23.9,112,0
1955,L49134,L,297.9,307.8,1459,46.9,85,0
1106,M15965,M,296.6,307.5,1734,27,50,0
1365,L48544,L,298.7,310.2,1566,33.1,68,0
1611,L48790,L,297.8,307.8,1573,37.9,33,0
1098,H30511,H,296.9,307.5,1397,48.3,22,0
690,H30103,H,297.6,309,1354,55.6,46,0
752,M15611,M,296.8,308.1,1843,24.2,212,0
891,L48070,L,295.6,306,1370,52.4,115,0
795,H30208,H,296.9,307.9,1547,32.6,79,0
742,L47921,L,296.9,308.3,1513,38.8,189,0
1207,H30620,H,296.9,308,1318,53.5,88,0
1607,L48786,L,297.8,307.7,1505,39.7,25,0
858,M15717,M,296.1,307.1,1350,53.3,22,0
1818,L48997,L,298.1,307.7,1664,27.6,145,0
473,M15332,M,297.4,309,1497,41.8,144,0
1280,M16139,M,298.3,309.6,1531,40.1,81,0
876,M15735,M,295.8,306.3,1444,45.5,76,0
1777,L48956,L,298.5,308.1,1564,31.1,34,0
176,L47355,L,298.2,308.1,1382,43.5,37,0
902,H30315,H,295.6,306.1,1256,62.3,142,0
903,L48082,L,295.6,306.1,1383,48.7,147,0
1203,M16062,M,297,308.1,1355,51.4,76,0
162,L47341,L,298.3,308.1,1412,52.3,218,1
580,M15439,M,297.8,309.7,1700,31.3,200,0
679,M15538,M,297.8,309.2,1295,61.2,12,0
1822,L49001,L,298.1,307.6,1354,43.3,155,0
839,H30252,H,296.6,307.4,1406,41.5,189,0
517,L47696,L,297.5,309.3,1732,29.9,32,0
831,L48010,L,296.6,307.4,1631,35,168,0
1500,M16359,M,298.1,308.8,2206,16.3,195,0
1027,L48206,L,296.4,307.4,1512,36.8,46,0
1447,M16306,M,299,310.2,1628,35.8,64,0
191,L47370,L,298.2,308.4,1477,49.9,72,0
1056,L48235,L,296.8,307.8,1480,39.4,122,0
16,L47195,L,298.6,309.2,1542,48.4,42,0
1219,M16078,M,297,308.2,1702,30.7,124,0
1181,H30594,H,297.3,308.4,1531,35.6,16,0
88,L47267,L,299,309,1544,31.8,25,0
1451,M16310,M,299,310.3,1447,39.9,78,0
40,L47219,L,298.8,309.1,1350,52.5,111,0
1504,L48683,L,298,308.7,1771,26.2,206,0
994,M15853,M,296.1,307.1,1485,36,169,0
1987,L49166,L,298.1,307.6,1498,42.9,171,0
218,L47397,L,298.3,308.5,1664,31.6,144,0
55,L47234,L,298.7,309,1691,30.1,154,0
1657,L48836,L,298.2,308.1,1532,42.5,154,0
1713,L48892,L,298.3,307.9,1551,33.8,72,0
1295,L48474,L,298.8,309.9,1486,40.3,126,0
1986,L49165,L,298.1,307.7,1537,40.8,169,0
243,L47422,L,298,308.2,1348,58.8,202,1
263,M15122,M,298.1,308.2,1736,26.8,27,0
1283,L48462,L,298.3,309.4,1546,36.1,94,0
509,L47688,L,297.7,309.3,1893,24.6,15,0
394,M15253,M,297.5,308.4,1350,52.2,157,0
1370,M16229,M,298.7,310.3,1481,41.5,83,0
1094,M15953,M,296.8,307.5,1443,39.2,13,0
1917,L49096,L,298,307.7,1387,50.8,204,0
308,M15167,M,297.8,308.4,1579,36.6,152,0
113,M14972,M,298.8,308.7,1498,39.5,89,0
606,M15465,M,297.9,309.8,1693,29.9,35,0
1084,L48263,L,297,307.8,1683,32.3,197,0
1832,M16691,M,297.8,307.3,1315,54,180,0
384,M15243,M,297.5,308.6,1842,27,133,0
1748,L48927,L,298.4,307.9,2381,14.2,164,0
1702,L48881,L,298,307.7,1479,42.5,47,0
1665,L48844,L,298.2,308,1535,38,179,0
145,M15004,M,298.6,308.4,1391,42.4,169,0
354,H29767,H,297.5,308.3,1674,30,54,0
1411,M16270,M,298.9,310.1,1469,53.2,189,0
1589,L48768,L,298.2,308.3,1688,32,202,0
588,H30001,H,297.6,309.5,1623,33.1,224,0
1540,M16399,M,298.5,309.2,1449,46.4,83,0
1734,L48913,L,298.4,308,1515,42.8,125,0
1930,M16789,M,298,307.8,1483,50.9,26,0
17,M14876,M,298.6,309.2,1311,46.6,44,0
1966,L49145,L,297.8,307.5,1581,33.1,116,0
1726,M16585,M,298.3,307.8,1392,50.4,101,0
882,L48061,L,295.7,306.2,1464,46.2,92,0
1638,L48817,L,297.9,307.8,1665,33.9,102,0
749,H30162,H,296.7,308.1,1528,46.3,203,0
871,L48050,L,295.8,306.4,1325,56.2,65,0
25,M14884,M,299,309.4,1561,37.3,70,0
179,L47358,L,298.2,308.2,1436,50.2,43,0
1724,L48903,L,298.2,307.8,2029,19.9,96,0
746,L47925,L,296.7,308,1451,50.7,197,0
620,L47799,L,298.3,310,1507,44.7,73,0
602,L47781,L,297.9,309.7,2194,16.8,27,0
352,M15211,M,297.6,308.4,1611,31,48,0
12,H29425,H,298.6,309.1,1423,44.3,29,0
1468,L48647,L,298.6,309.8,1544,30.2,113,0
1099,M15958,M,296.9,307.4,1521,37.9,27,0
990,M15849,M,296.2,307,2119,18.3,159,0
292,L47471,L,298,308.3,1473,42.6,107,0
1383,L48562,L,298.8,310.1,1653,30.3,119,0
456,L47635,L,297.4,308.7,1429,57.4,96,0
830,L48009,L,296.5,307.3,1579,34.5,166,0
1701,M16560,M,298,307.6,1844,23.8,44,0
806,M15665,M,297,307.9,1412,47.4,112,0
205,L47384,L,298.4,308.5,1741,32.8,112,0
1652,L48831,L,298,307.8,1414,51.7,140,0
1968,L49147,L,297.9,307.6,1589,37.8,120,0
1800,M16659,M,298,307.5,1427,45.1,95,0
35,M14894,M,298.8,309.1,1559,34.7,95,0
300,M15159,M,297.8,308.3,1567,35.6,131,0
1049,L48228,L,296.5,307.6,1607,33.5,104,0
1621,L48800,L,297.9,307.7,1492,43.7,59,0
824,M15683,M,296.6,307.5,1482,39.9,153,0
240,L47419,L,298,308.2,1611,30.6,195,0
1566,L48745,L,298,308.2,1459,42.1,146,0
1921,L49100,L,298.1,307.9,2161,17.5,5,0
1659,H31072,H,298.1,308,1570,35.3,159,0
245,M15104,M,298,308.2,1395,49.1,206,0
1172,H30585,H,297,308.1,1517,41.4,222,0
712,L47891,L,297.5,308.7,1443,46.2,110,0
1006,L48185,L,296.2,307.2,1382,52,201,0
1032,L48211,L,296.4,307.5,1549,36.1,58,0
184,L47363,L,298.1,308.2,1485,40.7,57,0
1943,L49122,L,298.1,308,1456,42.4,59,0
230,L47409,L,298.3,308.5,1538,32.2,173,0
1387,L48566,L,298.9,310.2,1445,40,129,0
925,L48104,L,295.5,306,1800,27.6,208,0
527,L47706,L,297.6,309.5,1373,50.6,55,0
233,L47412,L,298.2,308.4,1424,47.6,179,0
561,L47740,L,297.5,309.4,1318,58.2,146,0
593,H30006,H,297.5,309.5,1668,27.9,240,0
1011,M15870,M,296.2,307.2,1552,34.8,8,0
1736,L48915,L,298.4,308,1380,47.6,130,0
1698,M16557,M,297.9,307.6,1519,44,37,0
739,L47918,L,296.8,308.3,1506,45.9,182,0
991,L48170,L,296.2,307,1414,48.3,162,0
1773,L48952,L,298.4,308,1508,47.9,25,0
455,L47634,L,297.4,308.7,1468,46.6,94,0
1858,L49037,L,297.7,307.4,1643,36.5,55,0
1830,L49009,L,297.8,307.2,1880,23,176,0
730,L47909,L,297.3,308.6,1586,37.7,155,0
366,L47545,L,297.6,308.4,1353,57.5,88,0
14,M14873,M,298.6,309.2,1742,30,37,0
1400,L48579,L,299,310.2,1533,43.5,159,0
1205,L48384,L,296.9,308,1521,34.5,84,0
220,M15079,M,298.3,308.5,1434,46.2,148,0
160,L47339,L,298.4,308.2,1471,47,214,0
85,L47264,L,298.9,308.9,1422,47.6,15,0
1160,L48339,L,297,307.8,1609,35.6,193,0
562,M15421,M,297.5,309.4,1678,34.4,148,0
1674,M16533,M,298.1,307.8,1384,43.7,200,0
370,H29783,H,297.5,308.4,1587,36.1,98,0
1992,M16851,M,298.2,307.8,1583,36.6,185,0
594,L47773,L,297.5,309.6,1312,50.7,0,0
1533,M16392,M,298.1,308.9,1417,39.2,65,0
554,M15413,M,297.4,309.3,1564,36,126,0
1929,L49108,L,298,307.8,1623,29.9,24,0
1524,L48703,L,298.3,309,1519,36.9,41,0
1579,L48758,L,298.3,308.4,1593,37,174,0
180,L47359,L,298.2,308.3,1304,49.8,45,0
1582,M16441,M,298.2,308.3,1560,33,181,0
1792,L48971,L,298.1,307.8,1524,40.8,71,0
1355,L48534,L,298.6,310,1334,48,42,0
463,L47642,L,297.4,308.7,1433,43.4,116,0
1017,M15876,M,296.3,307.2,1319,68.3,24,1
1345,L48524,L,298.5,310.1,1809,28.9,20,0
883,M15742,M,295.7,306.2,1739,25.9,94,0
1251,L48430,L,297.3,308.7,1549,36.1,218,0
1217,L48396,L,296.9,308,1514,41,120,0
586,L47765,L,297.6,309.5,2001,20.5,220,0
783,L47962,L,296.8,307.9,1698,30.8,48,0
788,L47967,L,296.9,308.1,1435,45.3,62,0
166,L47345,L,298.5,308.4,1733,26,8,0
1272,H30685,H,298,309.4,1490,40.5,53,0
702,L47881,L,297.7,308.8,1515,40.1,82,0
1422,L48601,L,298.7,309.8,1589,31.8,217,0
198,M15057,M,298.4,308.6,1527,40.9,96,0
1813,L48992,L,298.2,307.8,1476,36.8,134,0
1485,M16344,M,298,309,1562,39.2,155,0
543,L47722,L,297.5,309.4,1803,24.7,98,0
1324,L48503,L,298.9,310.1,1361,51.7,192,0
1944,L49123,L,298.1,308,1704,30.9,61,0
1735,M16594,M,298.5,308.1,1501,39.2,127,0
1718,L48897,L,298.2,307.6,1369,54.5,82,0
1363,L48542,L,298.6,310,1517,41.2,64,0
625,H30038,H,298.3,310.1,1509,37.6,85,0
1122,L48301,L,296.6,307.6,1459,40.2,96,0
755,M15614,M,296.9,308.1,1483,44.3,219,0
919,M15778,M,295.3,305.7,1473,38.5,189,0
325,M15184,M,297.8,308.5,1488,41.9,196,0
651,L47830,L,297.6,309.2,1611,33.1,155,0
1948,L49127,L,298.2,308.1,1462,49.9,69,0
1116,M15975,M,296.4,307.3,2077,19.1,80,0
1628,L48807,L,297.9,307.8,1499,37.5,78,0
1020,L48199,L,296.3,307.3,1398,52.7,31,0
186,L47365,L,298.2,308.2,1446,38.2,61,0
1845,M16704,M,297.6,307.1,1471,44.9,14,0
826,L48005,L,296.6,307.3,1474,40,158,0
450,L47629,L,297.6,308.7,1622,37.9,79,0
1012,M15871,M,296.2,307.3,1451,42.8,11,0
1571,L48750,L,298.2,308.4,1452,43.5,158,0
1753,L48932,L,298.2,307.6,1492,37.2,178,0
1134,M15993,M,296.8,307.9,1418,47.9,127,0
634,L47813,L,298.3,310,1442,43.9,110,0
814,L47993,L,296.8,307.6,1513,40,130,0
589,L47768,L,297.6,309.4,1628,33.4,229,0
1874,L49053,L,298.4,308.1,1367,57.8,92,0
1894,L49073,L,297.8,307.5,1631,29.9,144,0
878,M15737,M,295.6,306.2,1584,33.6,81,0
1916,L49095,L,298,307.7,1492,38.7,202,0
622,L47801,L,298.3,310.1,1408,45.3,78,0
546,L47725,L,297.6,309.4,1958,22.1,108,0
190,M15049,M,298.3,308.4,1539,43.4,69,0
1963,L49142,L,297.8,307.5,1391,48.6,109,0
1714,L48893,L,298.2,307.8,1515,46.7,74,0
42,L47221,L,298.8,309.1,1368,50.8,115,0
295,M15154,M,298.1,308.5,1372,51.1,116,0
182,H29595,H,298.2,308.3,1824,24.2,49,0
469,L47648,L,297.3,308.7,1619,31.6,129,0
202,L47381,L,298.3,308.5,1575,41.2,105,0
950,L48129,L,295.6,306.3,1636,32.7,56,0
266,L47445,L,298,308.1,1454,37.1,35,0
106,L47285,L,298.8,308.7,1591,31.1,68,0
1170,L48349,L,297,308.1,1355,43.7,217,0
1001,L48180,L,296.3,307.1,1654,29.6,188,0
1471,L48650,L,298.5,309.7,1437,42.6,120,0
372,L47551,L,297.5,308.4,1604,38.1,106,0
1555,M16414,M,298.4,308.7,1584,31.7,117,0
540,M15399,M,297.4,309.3,1775,25.8,91,0
1478,L48657,L,298.3,309.4,1570,35.6,138,0
975,L48154,L,296,306.6,1511,35.2,119,0
943,M15802,M,295.7,306.3,1462,44.3,37,0
1836,H31249,H,297.8,307.3,1555,35.8,190,0
421,M15280,M,297.3,308.3,1301,39.6,5,0
1634,L48813,L,297.9,307.9,1476,45.2,91,0
130,L47309,L,298.9,308.5,1559,34.3,126,0
332,M15191,M,297.6,308.4,1391,51.9,218,0
1344,L48523,L,298.5,310.2,1676,32.7,18,0
856,L48035,L,296.1,307.2,1615,30.8,18,0
863,H30276,H,296.1,306.8,1645,31,41,0
1719,M16578,M,298.2,307.7,1681,31,84,0
1886,L49065,L,298,307.6,1683,32.8,122,0
1388,L48567,L,298.9,310.1,1823,26.1,131,0
1016,L48195,L,296.2,307.2,1356,43.6,22,0
1742,M16601,M,298.5,308,1363,49.2,149,0
1175,M16034,M,297.1,308.1,1352,44.4,0,0
399,H29812,H,297.4,308.3,1502,43.6,169,0
1393,M16252,M,299,310.3,1494,46.6,144,0
1285,L48464,L,298.4,309.5,2153,15.3,98,1
1910,L49089,L,298,307.7,1435,45.6,184,0
1834,L49013,L,297.8,307.3,1327,61,186,1
409,M15268,M,297.4,308.6,1434,44.4,193,0
930,L48109,L,295.6,306,1419,51.1,7,0
371,M15230,M,297.5,308.3,1622,37.2,103,0
373,M15232,M,297.4,308.3,1405,51.7,108,0
1368,M16227,M,298.8,310.2,1581,37.5,75,0
215,M15074,M,298.3,308.6,1589,37.1,137,0
698,M15557,M,297.6,308.8,1453,39.7,69,0
1580,L48759,L,298.3,308.3,1444,43.8,176,0
1423,L48602,L,298.7,309.8,1530,35.5,0,0
966,L48145,L,295.8,306.6,1508,46.5,99,0
1378,L48557,L,298.8,310.2,1461,46.7,105,0
700,H30113,H,297.5,308.7,1416,39.2,74,0
1352,L48531,L,298.7,310.2,1525,43.7,34,0
1153,L48332,L,297.1,307.9,1507,38.3,170,0
157,M15016,M,298.4,308.1,1495,46,203,0
1465,L48644,L,298.8,310,1412,46.3,107,0
435,M15294,M,297.5,308.5,1484,44.7,40,0
392,L47571,L,297.6,308.6,1491,38.1,152,0
897,L48076,L,295.5,306.1,1573,35.1,129,0
1690,L48869,L,297.9,307.5,1561,37.7,16,0
321,H29734,H,297.8,308.4,1550,38.2,185,0
1065,M15924,M,296.8,307.9,1409,44.3,145,0
1683,H31096,H,297.9,307.4,1604,36.1,225,1
136,M14995,M,298.8,308.5,1711,28.5,140,0
5,L47184,L,298.2,308.7,1408,40,9,0
734,M15593,M,297.1,308.4,1421,42,165,0
1939,L49118,L,298.1,307.9,1517,40.8,50,0
816,M15675,M,296.8,307.5,1516,36.7,135,0
1397,L48576,L,299,310.3,1483,39.2,153,0
873,M15732,M,295.8,306.4,1335,51.7,69,0
766,L47945,L,296.9,308,1332,53.9,7,0
536,H29949,H,297.4,309.3,1365,52.4,76,0
1811,L48990,L,298.1,307.6,1364,53.8,129,0
298,L47477,L,298,308.5,1713,25.3,124,0
672,L47851,L,297.5,308.9,1554,34.8,204,0
581,M15440,M,297.8,309.8,1798,25.5,203,0
901,L48080,L,295.6,306.2,1569,35.1,140,0
467,L47646,L,297.2,308.5,1550,41.5,125,0
1870,M16729,M,298.3,308.1,1630,32.7,83,0
1808,L48987,L,298,307.6,1654,28.9,123,0
969,L48148,L,295.9,306.7,1547,40.9,107,0
1231,M16090,M,297.1,308.4,1880,23.5,155,0
1318,L48497,L,299,310.3,1428,46.3,175,0
1606,L48785,L,297.8,307.8,1396,42.5,23,0
609,L47788,L,298,309.9,1403,47.7,43,0
968,M15827,M,295.9,306.6,1532,38.6,104,0
704,H30117,H,297.7,308.9,1479,40.9,87,0
670,H30083,H,297.5,308.9,1471,37.7,197,0
398,M15257,M,297.4,308.3,1774,28.9,166,0
1819,M16678,M,298.1,307.7,1435,40.9,147,0
36,M14895,M,298.8,309.2,1452,48.6,98,0
516,L47695,L,297.5,309.2,1715,28,30,0
928,H30341,H,295.6,306,1396,52.4,0,0
1547,L48726,L,298.4,308.9,1391,48.4,100,0
1074,L48253,L,297,307.8,1414,47.5,168,0
1924,L49103,L,298,307.7,1529,34.1,11,0
21,H29434,H,298.9,309.3,1375,42.7,58,0
515,L47694,L,297.4,309.2,1620,33.2,28,0
1296,L48475,L,298.7,309.8,1402,54.3,128,0
1336,L48515,L,299,310.4,1371,53.8,228,1
403,L47582,L,297.4,308.6,1678,32.3,180,0
313,L47492,L,297.9,308.6,1468,36,168,0
518,M15377,M,297.5,309.4,1391,58.2,34,0
146,L47325,L,298.5,308.4,1513,33.6,172,0
1445,L48624,L,299,310.2,1477,37.9,60,0
1610,L48789,L,297.7,307.7,1581,34.9,31,0
1618,L48797,L,297.8,307.8,1563,34.3,53,0
1833,M16692,M,297.8,307.4,1330,51.7,183,0
1430,M16289,M,298.9,310,1456,43.8,15,0
900,H30313,H,295.6,306.2,1329,55.3,135,0
1633,L48812,L,297.9,307.9,1426,43.6,89,0
235,L47414,L,298.2,308.4,1478,42.9,183,0
1482,M16341,M,298.2,309.2,1332,60.2,147,0
1704,M16563,M,298.1,307.8,1636,36.7,51,0
422,M15281,M,297.3,308.3,1657,31.1,8,0
1035,M15894,M,296.3,307.4,1958,19.1,67,0
324,L47503,L,297.8,308.5,1561,46.3,194,0
774,L47953,L,296.8,308,1510,39.4,29,0
120,L47299,L,298.7,308.5,1467,40.7,106,0
65,L47244,L,299,309.1,1523,38.6,177,0
264,M15123,M,298,308.1,1587,32.3,30,0
415,L47594,L,297.4,308.4,1588,32.5,207,0
1171,M16030,M,297.1,308.1,1823,24.3,219,0
1614,L48793,L,297.9,308,1296,62.9,41,0
380,L47559,L,297.3,308.2,1754,26.8,125,0
283,M15142,M,298.1,308.1,1390,49.8,85,0
142,L47321,L,298.7,308.5,1544,35.2,159,0
645,H30058,H,297.7,309.4,1608,30.2,135,0
1476,M16335,M,298.4,309.5,1519,35.4,133,0
1570,M16429,M,298.1,308.2,1654,35.3,155,0
1144,L48323,L,297,307.9,1479,39.2,151,0
1926,L49105,L,297.9,307.7,1537,37.7,15,0
1768,M16627,M,298.3,307.7,1520,41.4,10,0
386,M15245,M,297.6,308.6,1414,45.4,138,0
50,M14909,M,298.9,309.2,1412,44.1,140,0
309,L47488,L,297.9,308.5,1305,47.2,155,0
1551,L48730,L,298.4,308.9,1638,32.4,109,0
1513,H30926,H,298,308.7,1503,36.3,5,0
1793,M16652,M,298.1,307.7,1445,48,73,0
893,L48072,L,295.7,306.1,1343,54.4,119,0
1154,H30567,H,297,307.9,1448,45.6,172,0
1802,M16661,M,298,307.5,1427,43.6,101,0
275,L47454,L,298.1,308,1652,28.5,63,0
411,M15270,M,297.5,308.6,1472,44.9,198,0
998,M15857,M,296.3,307.2,1446,45.9,180,0
1085,M15944,M,297,307.7,1498,47.1,199,0
457,H29870,H,297.3,308.7,1478,47.6,98,0
691,H30104,H,297.6,309,1413,40.2,51,0
1497,L48676,L,298,308.7,1268,69.4,189,1
754,L47933,L,296.8,308,1536,40.4,217,0
340,M15199,M,297.5,308.2,1713,32.2,17,0
445,L47624,L,297.4,308.4,1582,37.2,68,0
1127,L48306,L,296.8,307.9,1706,30.8,111,0
653,L47832,L,297.7,309.2,1391,44.5,159,0
381,L47560,L,297.5,308.3,2564,12.8,127,1
140,L47319,L,298.8,308.6,1268,55.8,155,0
1390,L48569,L,298.9,310.2,1533,42.8,138,0
484,L47663,L,297.4,309,1324,56.9,173,0
82,L47261,L,298.9,308.9,1450,47.5,9,0
1994,M16853,M,298.3,308,1463,42.5,190,0
92,L47271,L,298.9,308.9,1830,24.9,35,0
1381,L48560,L,298.7,310.1,1786,27.7,114,0
1322,L48501,L,298.9,310.2,1362,53,185,0
1038,H30451,H,296.4,307.5,1596,35.1,75,0
289,H29702,H,298.2,308.4,1385,42.2,98,0
872,L48051,L,295.8,306.4,1339,53.2,67,0
952,H30365,H,295.6,306.3,1509,35.8,60,0
1233,L48412,L,297.2,308.6,1500,37.1,161,0
1855,M16714,M,297.6,307.2,1470,42.6,44,0
396,L47575,L,297.4,308.3,1571,37.7,162,0
271,H29684,H,298,308,1520,39.6,51,0
1300,M16159,M,298.7,309.9,1458,40.2,137,0
1881,L49060,L,298.1,307.7,1705,29.1,109,0
1655,L48834,L,298.2,308.1,1379,62.3,149,0
613,L47792,L,298.1,309.9,1563,32.8,51,0
1353,M16212,M,298.7,310.2,1598,33.3,36,0
153,M15012,M,298.4,308.2,1584,41,191,0
867,L48046,L,295.9,306.6,1678,26.7,53,0
1320,L48499,L,299,310.3,1929,24.4,180,0
563,L47742,L,297.6,309.5,1574,30.9,151,0
470,M15329,M,297.3,308.8,1586,32.7,131,0
108,M14967,M,298.8,308.8,1497,46.8,72,0
479,L47658,L,297.4,309,1833,22.6,161,0
1132,L48311,L,296.8,307.9,1489,33.4,123,0
1013,M15872,M,296.1,307.1,1433,38.5,14,0
913,L48092,L,295.6,306,1569,40.4,174,0
1334,M16193,M,299,310.3,1558,35.4,223,0
1354,M16213,M,298.6,310.1,1444,48.1,39,0
552,L47731,L,297.4,309.2,1274,54.3,121,0
1111,L48290,L,296.5,307.4,1292,52.5,62,0
932,L48111,L,295.5,305.9,1542,36.2,12,0
539,M15398,M,297.4,309.3,1499,36.8,88,0
1821,L49000,L,298.1,307.5,1493,43.7,153,0
1706,M16565,M,298.1,307.8,1608,32.6,57,0
1321,M16180,M,299,310.3,1540,38.1,182,0
1079,H30492,H,296.9,307.7,1656,30.8,181,0
1303,L48482,L,298.6,309.8,1505,45.7,144,0
571,L47750,L,297.7,309.7,1498,41,176,0
437,L47616,L,297.3,308.3,1504,36.3,45,0
972,L48151,L,295.9,306.6,1557,41.1,113,0
1537,M16396,M,298.2,308.9,1326,54.4,75,0
1311,L48490,L,298.9,310.2,1498,50.2,160,0
549,L47728,L,297.4,309.3,1332,53.2,115,0
1140,M15999,M,297,307.9,1569,33.3,141,0
706,L47885,L,297.7,309,1507,38.2,94,0
1515,M16374,M,298.1,308.8,1628,37.6,12,0
312,M15171,M,298,308.6,1453,44.1,165,0
27,L47206,L,299.1,309.5,1512,39,75,0
1299,M16158,M,298.7,309.8,1343,53.6,134,0
268,L47447,L,297.9,308,1954,21.1,42,0
1329,M16188,M,298.8,310.1,1719,28.8,206,0
1215,M16074,M,296.8,307.8,1694,33,115,0
291,L47470,L,298.1,308.4,1438,45.6,105,0
511,L47690,L,297.5,309.3,1564,37.5,20,0
1645,L48824,L,298,307.8,1622,33.3,121,0
736,L47915,L,296.9,308.4,1557,32.4,173,0
1803,H31216,H,298.1,307.6,1496,44.1,104,0
1982,L49161,L,298,307.6,1385,45,158,0
1436,H30849,H,298.8,309.9,1526,42.1,30,0
1307,L48486,L,298.8,310,1487,41.4,152,0
375,L47554,L,297.4,308.3,1431,43,113,0
1499,L48678,L,298,308.8,1790,27.2,193,0
1866,L49045,L,297.9,307.7,1567,34.7,74,0
138,L47317,L,298.7,308.6,1297,55.3,148,0
425,L47604,L,297.3,308.4,1430,45.7,15,0
249,L47428,L,298,308.3,1362,56.8,216,1
898,L48077,L,295.6,306.2,1612,31.2,131,0
1166,L48345,L,297.1,308.1,1487,34.6,208,0
599,L47778,L,297.7,309.6,1480,47.9,18,0
1827,H31240,H,297.8,307.3,1516,40.1,166,0
33,L47212,L,299,309.4,1419,48.3,91,0
37,M14896,M,298.9,309.2,1581,36.7,101,0
1990,L49169,L,298.2,307.9,1785,23.4,181,0
94,L47273,L,299.1,309,1450,43,40,0
532,L47711,L,297.6,309.5,1549,34.9,68,0
99,L47278,L,298.9,308.8,1529,32.7,53,0
1587,M16446,M,298.3,308.4,1486,44.2,196,0
781,M15640,M,296.9,308,1409,50.7,43,0
1521,L48700,L,298.3,309.1,1472,40.1,31,0
1490,M16349,M,298.2,309,1723,26.6,168,0
192,L47371,L,298.2,308.4,1666,34.6,74,0
922,H30335,H,295.5,305.9,1593,37.2,197,0
678,L47857,L,297.9,309.2,1478,39.7,10,0
